<?xml version="1.0" encoding="utf-8"?>
<rdf:RDF xmlns:rdf="http://www.w3.org/1999/02/22-rdf-syntax-ns#" xmlns:cim="http://iec.ch/TC57/2012/CIM-schema-cim16#" xmlns:md="http://iec.ch/TC57/61970-552/ModelDescription/1#" xmlns:entsoe="http://entsoe.eu/Secretariat/ProfileExtension/2#" xmlns:neplan="http://www.neplan.ch#">
  <md:FullModel rdf:about="urn:uuid:bd66eb99-43f9-4a32-b369-9d4463ebac8a">
    <md:Model.created>2018-11-06T16:34:52</md:Model.created>
    <neplan:Model.createdBy>NEPLAN by Busarello + Cott + Partner AG, Switzerland</neplan:Model.createdBy>
    <md:Model.scenarioTime>2018-11-06T16:34:50</md:Model.scenarioTime>
    <md:Model.version>7</md:Model.version>
    <md:Model.DependentOn rdf:resource="urn:uuid:25276efc-54c7-450a-87d6-6f58ae3470a9"/>
    <md:Model.DependentOn rdf:resource="urn:uuid:f2ff6631-14b2-42d2-8fdb-a2edc910aefe"/>
    <md:Model.description>NEPLAN</md:Model.description>
    <md:Model.modelingAuthoritySet>FULL</md:Model.modelingAuthoritySet>
    <md:Model.profile>http://iec.ch/TC57/61970-453/DiagramLayout/2</md:Model.profile>
  </md:FullModel>
  <cim:Diagram rdf:ID="_9a844459-cf44-48c4-b5ae-e56d7446f017">
    <cim:IdentifiedObject.name>Diagram 0</cim:IdentifiedObject.name>
    <cim:Diagram.orientation rdf:resource="http://iec.ch/TC57/2010/CIM-schema-cim16#OrientationKind.negative"/>
  </cim:Diagram>
  <cim:DiagramObject rdf:ID="_450e8d17-a49d-476b-ae6e-ef263e5e02b5">
    <cim:DiagramObject.rotation>0</cim:DiagramObject.rotation>
    <cim:DiagramObject.IdentifiedObject rdf:resource="#E-1229744368"/>
    <cim:DiagramObject.Diagram rdf:resource="#_9a844459-cf44-48c4-b5ae-e56d7446f017"/>
  </cim:DiagramObject>
  <cim:DiagramObjectPoint rdf:ID="_b5988043-8ea2-42e5-a9af-0c5400027158">
    <cim:DiagramObjectPoint.sequenceNumber>1</cim:DiagramObjectPoint.sequenceNumber>
    <cim:DiagramObjectPoint.DiagramObject rdf:resource="#_450e8d17-a49d-476b-ae6e-ef263e5e02b5"/>
    <cim:DiagramObjectPoint.xPosition>120.000000</cim:DiagramObjectPoint.xPosition>
    <cim:DiagramObjectPoint.yPosition>80.000000</cim:DiagramObjectPoint.yPosition>
  </cim:DiagramObjectPoint>
  <cim:DiagramObjectPoint rdf:ID="_416b1a8a-a43a-47f8-ba16-d2996c3e52f6">
    <cim:DiagramObjectPoint.sequenceNumber>2</cim:DiagramObjectPoint.sequenceNumber>
    <cim:DiagramObjectPoint.DiagramObject rdf:resource="#_450e8d17-a49d-476b-ae6e-ef263e5e02b5"/>
    <cim:DiagramObjectPoint.xPosition>120.000000</cim:DiagramObjectPoint.xPosition>
    <cim:DiagramObjectPoint.yPosition>76.000000</cim:DiagramObjectPoint.yPosition>
  </cim:DiagramObjectPoint>
  <cim:DiagramObject rdf:ID="_3c6d51b8-cf91-44aa-becf-b3c65e650692">
    <cim:DiagramObject.rotation>0</cim:DiagramObject.rotation>
    <cim:DiagramObject.IdentifiedObject rdf:resource="#E-1229744381"/>
    <cim:DiagramObject.Diagram rdf:resource="#_9a844459-cf44-48c4-b5ae-e56d7446f017"/>
  </cim:DiagramObject>
  <cim:DiagramObjectPoint rdf:ID="_19eabb33-5e09-4dfe-aa17-1293e9f7009e">
    <cim:DiagramObjectPoint.sequenceNumber>1</cim:DiagramObjectPoint.sequenceNumber>
    <cim:DiagramObjectPoint.DiagramObject rdf:resource="#_3c6d51b8-cf91-44aa-becf-b3c65e650692"/>
    <cim:DiagramObjectPoint.xPosition>72.000000</cim:DiagramObjectPoint.xPosition>
    <cim:DiagramObjectPoint.yPosition>112.000000</cim:DiagramObjectPoint.yPosition>
  </cim:DiagramObjectPoint>
  <cim:DiagramObjectPoint rdf:ID="_92d03035-efc5-430e-bf81-25c7df49c163">
    <cim:DiagramObjectPoint.sequenceNumber>2</cim:DiagramObjectPoint.sequenceNumber>
    <cim:DiagramObjectPoint.DiagramObject rdf:resource="#_3c6d51b8-cf91-44aa-becf-b3c65e650692"/>
    <cim:DiagramObjectPoint.xPosition>72.000000</cim:DiagramObjectPoint.xPosition>
    <cim:DiagramObjectPoint.yPosition>108.000000</cim:DiagramObjectPoint.yPosition>
  </cim:DiagramObjectPoint>
  <cim:DiagramObject rdf:ID="_bf979248-b72d-4848-97b6-457141fa9d3d">
    <cim:DiagramObject.rotation>0</cim:DiagramObject.rotation>
    <cim:DiagramObject.IdentifiedObject rdf:resource="#E-1229744389"/>
    <cim:DiagramObject.Diagram rdf:resource="#_9a844459-cf44-48c4-b5ae-e56d7446f017"/>
  </cim:DiagramObject>
  <cim:DiagramObjectPoint rdf:ID="_95006725-a59d-4602-af6c-2f3f4859a88f">
    <cim:DiagramObjectPoint.sequenceNumber>1</cim:DiagramObjectPoint.sequenceNumber>
    <cim:DiagramObjectPoint.DiagramObject rdf:resource="#_bf979248-b72d-4848-97b6-457141fa9d3d"/>
    <cim:DiagramObjectPoint.xPosition>88.000000</cim:DiagramObjectPoint.xPosition>
    <cim:DiagramObjectPoint.yPosition>112.000000</cim:DiagramObjectPoint.yPosition>
  </cim:DiagramObjectPoint>
  <cim:DiagramObjectPoint rdf:ID="_3a503fa0-a91a-4cec-b193-0dc095e10f5e">
    <cim:DiagramObjectPoint.sequenceNumber>2</cim:DiagramObjectPoint.sequenceNumber>
    <cim:DiagramObjectPoint.DiagramObject rdf:resource="#_bf979248-b72d-4848-97b6-457141fa9d3d"/>
    <cim:DiagramObjectPoint.xPosition>88.000000</cim:DiagramObjectPoint.xPosition>
    <cim:DiagramObjectPoint.yPosition>108.000000</cim:DiagramObjectPoint.yPosition>
  </cim:DiagramObjectPoint>
  <cim:DiagramObject rdf:ID="_ad536ec1-c658-40fe-822f-b6271ad0dd9b">
    <cim:DiagramObject.rotation>0</cim:DiagramObject.rotation>
    <cim:DiagramObject.IdentifiedObject rdf:resource="#E-1229744397"/>
    <cim:DiagramObject.Diagram rdf:resource="#_9a844459-cf44-48c4-b5ae-e56d7446f017"/>
  </cim:DiagramObject>
  <cim:DiagramObjectPoint rdf:ID="_a687ffee-d474-49da-9108-d3c1a9aa9f28">
    <cim:DiagramObjectPoint.sequenceNumber>1</cim:DiagramObjectPoint.sequenceNumber>
    <cim:DiagramObjectPoint.DiagramObject rdf:resource="#_ad536ec1-c658-40fe-822f-b6271ad0dd9b"/>
    <cim:DiagramObjectPoint.xPosition>46.000000</cim:DiagramObjectPoint.xPosition>
    <cim:DiagramObjectPoint.yPosition>170.000000</cim:DiagramObjectPoint.yPosition>
  </cim:DiagramObjectPoint>
  <cim:DiagramObjectPoint rdf:ID="_8e13c011-2c71-4714-ae92-eb4c3a8faee8">
    <cim:DiagramObjectPoint.sequenceNumber>2</cim:DiagramObjectPoint.sequenceNumber>
    <cim:DiagramObjectPoint.DiagramObject rdf:resource="#_ad536ec1-c658-40fe-822f-b6271ad0dd9b"/>
    <cim:DiagramObjectPoint.xPosition>46.000000</cim:DiagramObjectPoint.xPosition>
    <cim:DiagramObjectPoint.yPosition>178.000000</cim:DiagramObjectPoint.yPosition>
  </cim:DiagramObjectPoint>
  <cim:DiagramObject rdf:ID="_9039685a-c312-4554-8abe-db02709872ee">
    <cim:DiagramObject.rotation>0</cim:DiagramObject.rotation>
    <cim:DiagramObject.IdentifiedObject rdf:resource="#E-298"/>
    <cim:DiagramObject.Diagram rdf:resource="#_9a844459-cf44-48c4-b5ae-e56d7446f017"/>
  </cim:DiagramObject>
  <cim:DiagramObjectPoint rdf:ID="_1e07e456-bafb-4a26-8c13-912e44fabe16">
    <cim:DiagramObjectPoint.sequenceNumber>1</cim:DiagramObjectPoint.sequenceNumber>
    <cim:DiagramObjectPoint.DiagramObject rdf:resource="#_9039685a-c312-4554-8abe-db02709872ee"/>
    <cim:DiagramObjectPoint.xPosition>136.000000</cim:DiagramObjectPoint.xPosition>
    <cim:DiagramObjectPoint.yPosition>32.000000</cim:DiagramObjectPoint.yPosition>
  </cim:DiagramObjectPoint>
  <cim:DiagramObjectPoint rdf:ID="_1b3180aa-7b5c-4b3b-ba41-919eba51a395">
    <cim:DiagramObjectPoint.sequenceNumber>2</cim:DiagramObjectPoint.sequenceNumber>
    <cim:DiagramObjectPoint.DiagramObject rdf:resource="#_9039685a-c312-4554-8abe-db02709872ee"/>
    <cim:DiagramObjectPoint.xPosition>135.900000</cim:DiagramObjectPoint.xPosition>
    <cim:DiagramObjectPoint.yPosition>34.000000</cim:DiagramObjectPoint.yPosition>
  </cim:DiagramObjectPoint>
  <cim:DiagramObject rdf:ID="_1c00719f-2067-4b72-b314-d606069fbc99">
    <cim:DiagramObject.rotation>0</cim:DiagramObject.rotation>
    <cim:DiagramObject.IdentifiedObject rdf:resource="#E-301"/>
    <cim:DiagramObject.Diagram rdf:resource="#_9a844459-cf44-48c4-b5ae-e56d7446f017"/>
  </cim:DiagramObject>
  <cim:DiagramObjectPoint rdf:ID="_b248dfd0-6637-464f-99a1-8e1f884f2ed5">
    <cim:DiagramObjectPoint.sequenceNumber>1</cim:DiagramObjectPoint.sequenceNumber>
    <cim:DiagramObjectPoint.DiagramObject rdf:resource="#_1c00719f-2067-4b72-b314-d606069fbc99"/>
    <cim:DiagramObjectPoint.xPosition>202.000000</cim:DiagramObjectPoint.xPosition>
    <cim:DiagramObjectPoint.yPosition>80.000000</cim:DiagramObjectPoint.yPosition>
  </cim:DiagramObjectPoint>
  <cim:DiagramObjectPoint rdf:ID="_508b4054-b3fd-4b15-a8c9-2eb72b124d6c">
    <cim:DiagramObjectPoint.sequenceNumber>2</cim:DiagramObjectPoint.sequenceNumber>
    <cim:DiagramObjectPoint.DiagramObject rdf:resource="#_1c00719f-2067-4b72-b314-d606069fbc99"/>
    <cim:DiagramObjectPoint.xPosition>202.000000</cim:DiagramObjectPoint.xPosition>
    <cim:DiagramObjectPoint.yPosition>76.000000</cim:DiagramObjectPoint.yPosition>
  </cim:DiagramObjectPoint>
  <cim:DiagramObject rdf:ID="_11c8ec40-8f8d-4347-9297-02799699e11c">
    <cim:DiagramObject.rotation>0</cim:DiagramObject.rotation>
    <cim:DiagramObject.IdentifiedObject rdf:resource="#E-1229744405"/>
    <cim:DiagramObject.Diagram rdf:resource="#_9a844459-cf44-48c4-b5ae-e56d7446f017"/>
  </cim:DiagramObject>
  <cim:DiagramObjectPoint rdf:ID="_2fef13b4-fa81-4a06-a46d-fd61bf51c0b9">
    <cim:DiagramObjectPoint.sequenceNumber>1</cim:DiagramObjectPoint.sequenceNumber>
    <cim:DiagramObjectPoint.DiagramObject rdf:resource="#_11c8ec40-8f8d-4347-9297-02799699e11c"/>
    <cim:DiagramObjectPoint.xPosition>218.000000</cim:DiagramObjectPoint.xPosition>
    <cim:DiagramObjectPoint.yPosition>80.000000</cim:DiagramObjectPoint.yPosition>
  </cim:DiagramObjectPoint>
  <cim:DiagramObjectPoint rdf:ID="_5c452a81-2e70-4fc0-b25e-28cdc8c89c23">
    <cim:DiagramObjectPoint.sequenceNumber>2</cim:DiagramObjectPoint.sequenceNumber>
    <cim:DiagramObjectPoint.DiagramObject rdf:resource="#_11c8ec40-8f8d-4347-9297-02799699e11c"/>
    <cim:DiagramObjectPoint.xPosition>218.000000</cim:DiagramObjectPoint.xPosition>
    <cim:DiagramObjectPoint.yPosition>76.000000</cim:DiagramObjectPoint.yPosition>
  </cim:DiagramObjectPoint>
  <cim:DiagramObject rdf:ID="_dc03e98c-7de1-4c41-9973-f6e674d86a8e">
    <cim:DiagramObject.rotation>0</cim:DiagramObject.rotation>
    <cim:DiagramObject.IdentifiedObject rdf:resource="#E-1229744413"/>
    <cim:DiagramObject.Diagram rdf:resource="#_9a844459-cf44-48c4-b5ae-e56d7446f017"/>
  </cim:DiagramObject>
  <cim:DiagramObjectPoint rdf:ID="_12504040-8df0-4790-bead-01ab91638a20">
    <cim:DiagramObjectPoint.sequenceNumber>1</cim:DiagramObjectPoint.sequenceNumber>
    <cim:DiagramObjectPoint.DiagramObject rdf:resource="#_dc03e98c-7de1-4c41-9973-f6e674d86a8e"/>
    <cim:DiagramObjectPoint.xPosition>186.000000</cim:DiagramObjectPoint.xPosition>
    <cim:DiagramObjectPoint.yPosition>150.000000</cim:DiagramObjectPoint.yPosition>
  </cim:DiagramObjectPoint>
  <cim:DiagramObjectPoint rdf:ID="_577b5b0a-9486-4a62-8c0d-f86bc5ee3c97">
    <cim:DiagramObjectPoint.sequenceNumber>2</cim:DiagramObjectPoint.sequenceNumber>
    <cim:DiagramObjectPoint.DiagramObject rdf:resource="#_dc03e98c-7de1-4c41-9973-f6e674d86a8e"/>
    <cim:DiagramObjectPoint.xPosition>186.000000</cim:DiagramObjectPoint.xPosition>
    <cim:DiagramObjectPoint.yPosition>144.000000</cim:DiagramObjectPoint.yPosition>
  </cim:DiagramObjectPoint>
  <cim:DiagramObject rdf:ID="_88cf6eca-6a52-4c5b-aa23-7fe6e913b399">
    <cim:DiagramObject.rotation>0</cim:DiagramObject.rotation>
    <cim:DiagramObject.IdentifiedObject rdf:resource="#E-304"/>
    <cim:DiagramObject.Diagram rdf:resource="#_9a844459-cf44-48c4-b5ae-e56d7446f017"/>
  </cim:DiagramObject>
  <cim:DiagramObjectPoint rdf:ID="_643aa51b-2533-4896-a424-c0aee64cbd76">
    <cim:DiagramObjectPoint.sequenceNumber>1</cim:DiagramObjectPoint.sequenceNumber>
    <cim:DiagramObjectPoint.DiagramObject rdf:resource="#_88cf6eca-6a52-4c5b-aa23-7fe6e913b399"/>
    <cim:DiagramObjectPoint.xPosition>204.000000</cim:DiagramObjectPoint.xPosition>
    <cim:DiagramObjectPoint.yPosition>110.000000</cim:DiagramObjectPoint.yPosition>
  </cim:DiagramObjectPoint>
  <cim:DiagramObjectPoint rdf:ID="_eddc5ad7-e3ed-4b25-bf10-01623e2a5051">
    <cim:DiagramObjectPoint.sequenceNumber>2</cim:DiagramObjectPoint.sequenceNumber>
    <cim:DiagramObjectPoint.DiagramObject rdf:resource="#_88cf6eca-6a52-4c5b-aa23-7fe6e913b399"/>
    <cim:DiagramObjectPoint.xPosition>204.000000</cim:DiagramObjectPoint.xPosition>
    <cim:DiagramObjectPoint.yPosition>104.000000</cim:DiagramObjectPoint.yPosition>
  </cim:DiagramObjectPoint>
  <cim:DiagramObject rdf:ID="_410fce38-97ec-40ee-b1ae-92771000e4af">
    <cim:DiagramObject.rotation>0</cim:DiagramObject.rotation>
    <cim:DiagramObject.IdentifiedObject rdf:resource="#E-310"/>
    <cim:DiagramObject.Diagram rdf:resource="#_9a844459-cf44-48c4-b5ae-e56d7446f017"/>
  </cim:DiagramObject>
  <cim:DiagramObjectPoint rdf:ID="_62bec957-556a-4050-92be-7457e0326a0e">
    <cim:DiagramObjectPoint.sequenceNumber>1</cim:DiagramObjectPoint.sequenceNumber>
    <cim:DiagramObjectPoint.DiagramObject rdf:resource="#_410fce38-97ec-40ee-b1ae-92771000e4af"/>
    <cim:DiagramObjectPoint.xPosition>102.000000</cim:DiagramObjectPoint.xPosition>
    <cim:DiagramObjectPoint.yPosition>80.000000</cim:DiagramObjectPoint.yPosition>
  </cim:DiagramObjectPoint>
  <cim:DiagramObjectPoint rdf:ID="_0c70907e-fa88-4336-9d6e-da6cc953133e">
    <cim:DiagramObjectPoint.sequenceNumber>2</cim:DiagramObjectPoint.sequenceNumber>
    <cim:DiagramObjectPoint.DiagramObject rdf:resource="#_410fce38-97ec-40ee-b1ae-92771000e4af"/>
    <cim:DiagramObjectPoint.xPosition>102.000000</cim:DiagramObjectPoint.xPosition>
    <cim:DiagramObjectPoint.yPosition>76.000000</cim:DiagramObjectPoint.yPosition>
  </cim:DiagramObjectPoint>
  <cim:DiagramObject rdf:ID="_0ef3fd2c-b884-422b-be21-3539074436e0">
    <cim:DiagramObject.rotation>0</cim:DiagramObject.rotation>
    <cim:DiagramObject.IdentifiedObject rdf:resource="#E-319"/>
    <cim:DiagramObject.Diagram rdf:resource="#_9a844459-cf44-48c4-b5ae-e56d7446f017"/>
  </cim:DiagramObject>
  <cim:DiagramObjectPoint rdf:ID="_0de54c15-ea3c-4f76-9d3d-5afb76829cae">
    <cim:DiagramObjectPoint.sequenceNumber>1</cim:DiagramObjectPoint.sequenceNumber>
    <cim:DiagramObjectPoint.DiagramObject rdf:resource="#_0ef3fd2c-b884-422b-be21-3539074436e0"/>
    <cim:DiagramObjectPoint.xPosition>24.000000</cim:DiagramObjectPoint.xPosition>
    <cim:DiagramObjectPoint.yPosition>130.000000</cim:DiagramObjectPoint.yPosition>
  </cim:DiagramObjectPoint>
  <cim:DiagramObjectPoint rdf:ID="_e31e0894-af62-4060-9739-93d1ae3d7216">
    <cim:DiagramObjectPoint.sequenceNumber>2</cim:DiagramObjectPoint.sequenceNumber>
    <cim:DiagramObjectPoint.DiagramObject rdf:resource="#_0ef3fd2c-b884-422b-be21-3539074436e0"/>
    <cim:DiagramObjectPoint.xPosition>24.000000</cim:DiagramObjectPoint.xPosition>
    <cim:DiagramObjectPoint.yPosition>124.000000</cim:DiagramObjectPoint.yPosition>
  </cim:DiagramObjectPoint>
  <cim:DiagramObject rdf:ID="_38bdac9b-3ee7-4974-93b3-63ca91dfcfb4">
    <cim:DiagramObject.rotation>0</cim:DiagramObject.rotation>
    <cim:DiagramObject.IdentifiedObject rdf:resource="#E-1229744416"/>
    <cim:DiagramObject.Diagram rdf:resource="#_9a844459-cf44-48c4-b5ae-e56d7446f017"/>
  </cim:DiagramObject>
  <cim:DiagramObjectPoint rdf:ID="_f92cfed6-c3a5-450f-a5db-a56dfb6ce9d0">
    <cim:DiagramObjectPoint.sequenceNumber>1</cim:DiagramObjectPoint.sequenceNumber>
    <cim:DiagramObjectPoint.DiagramObject rdf:resource="#_38bdac9b-3ee7-4974-93b3-63ca91dfcfb4"/>
    <cim:DiagramObjectPoint.xPosition>206.000000</cim:DiagramObjectPoint.xPosition>
    <cim:DiagramObjectPoint.yPosition>150.000000</cim:DiagramObjectPoint.yPosition>
  </cim:DiagramObjectPoint>
  <cim:DiagramObjectPoint rdf:ID="_40991714-d12e-4b0e-bdb6-1bec6477a8bf">
    <cim:DiagramObjectPoint.sequenceNumber>2</cim:DiagramObjectPoint.sequenceNumber>
    <cim:DiagramObjectPoint.DiagramObject rdf:resource="#_38bdac9b-3ee7-4974-93b3-63ca91dfcfb4"/>
    <cim:DiagramObjectPoint.xPosition>206.000000</cim:DiagramObjectPoint.xPosition>
    <cim:DiagramObjectPoint.yPosition>144.000000</cim:DiagramObjectPoint.yPosition>
  </cim:DiagramObjectPoint>
  <cim:DiagramObject rdf:ID="_0632eda9-ec40-4327-89ea-43112cc8594c">
    <cim:DiagramObject.rotation>0</cim:DiagramObject.rotation>
    <cim:DiagramObject.IdentifiedObject rdf:resource="#E-322"/>
    <cim:DiagramObject.Diagram rdf:resource="#_9a844459-cf44-48c4-b5ae-e56d7446f017"/>
  </cim:DiagramObject>
  <cim:DiagramObjectPoint rdf:ID="_334e3848-fbc0-4572-b7b5-c3080fe1c978">
    <cim:DiagramObjectPoint.sequenceNumber>1</cim:DiagramObjectPoint.sequenceNumber>
    <cim:DiagramObjectPoint.DiagramObject rdf:resource="#_0632eda9-ec40-4327-89ea-43112cc8594c"/>
    <cim:DiagramObjectPoint.xPosition>24.000000</cim:DiagramObjectPoint.xPosition>
    <cim:DiagramObjectPoint.yPosition>154.000000</cim:DiagramObjectPoint.yPosition>
  </cim:DiagramObjectPoint>
  <cim:DiagramObjectPoint rdf:ID="_051a2ab1-0bd9-4afc-b421-3b0dc2e11bc2">
    <cim:DiagramObjectPoint.sequenceNumber>2</cim:DiagramObjectPoint.sequenceNumber>
    <cim:DiagramObjectPoint.DiagramObject rdf:resource="#_0632eda9-ec40-4327-89ea-43112cc8594c"/>
    <cim:DiagramObjectPoint.xPosition>24.000000</cim:DiagramObjectPoint.xPosition>
    <cim:DiagramObjectPoint.yPosition>146.000000</cim:DiagramObjectPoint.yPosition>
  </cim:DiagramObjectPoint>
  <cim:DiagramObjectPoint rdf:ID="_dbf21f1a-b195-46f9-8cad-df8d9fe5aceb">
    <cim:DiagramObjectPoint.sequenceNumber>3</cim:DiagramObjectPoint.sequenceNumber>
    <cim:DiagramObjectPoint.DiagramObject rdf:resource="#_0632eda9-ec40-4327-89ea-43112cc8594c"/>
    <cim:DiagramObjectPoint.xPosition>24.000000</cim:DiagramObjectPoint.xPosition>
    <cim:DiagramObjectPoint.yPosition>146.000000</cim:DiagramObjectPoint.yPosition>
  </cim:DiagramObjectPoint>
  <cim:DiagramObject rdf:ID="_d36b5ff8-ff3e-42e4-b4e9-1f0edce57619">
    <cim:DiagramObject.rotation>0</cim:DiagramObject.rotation>
    <cim:DiagramObject.IdentifiedObject rdf:resource="#E-325"/>
    <cim:DiagramObject.Diagram rdf:resource="#_9a844459-cf44-48c4-b5ae-e56d7446f017"/>
  </cim:DiagramObject>
  <cim:DiagramObjectPoint rdf:ID="_0e2d319c-210e-4141-85c1-6a14c448c4a8">
    <cim:DiagramObjectPoint.sequenceNumber>1</cim:DiagramObjectPoint.sequenceNumber>
    <cim:DiagramObjectPoint.DiagramObject rdf:resource="#_d36b5ff8-ff3e-42e4-b4e9-1f0edce57619"/>
    <cim:DiagramObjectPoint.xPosition>70.000000</cim:DiagramObjectPoint.xPosition>
    <cim:DiagramObjectPoint.yPosition>150.000000</cim:DiagramObjectPoint.yPosition>
  </cim:DiagramObjectPoint>
  <cim:DiagramObjectPoint rdf:ID="_28e26004-51f9-43a7-93be-175323ddee94">
    <cim:DiagramObjectPoint.sequenceNumber>2</cim:DiagramObjectPoint.sequenceNumber>
    <cim:DiagramObjectPoint.DiagramObject rdf:resource="#_d36b5ff8-ff3e-42e4-b4e9-1f0edce57619"/>
    <cim:DiagramObjectPoint.xPosition>70.000000</cim:DiagramObjectPoint.xPosition>
    <cim:DiagramObjectPoint.yPosition>146.000000</cim:DiagramObjectPoint.yPosition>
  </cim:DiagramObjectPoint>
  <cim:DiagramObject rdf:ID="_89d87b65-3392-42e9-80b9-53b99d3e0b5e">
    <cim:DiagramObject.rotation>0</cim:DiagramObject.rotation>
    <cim:DiagramObject.IdentifiedObject rdf:resource="#E-328"/>
    <cim:DiagramObject.Diagram rdf:resource="#_9a844459-cf44-48c4-b5ae-e56d7446f017"/>
  </cim:DiagramObject>
  <cim:DiagramObjectPoint rdf:ID="_44c55e07-80bc-4f0c-a7a9-1236cad79dd7">
    <cim:DiagramObjectPoint.sequenceNumber>1</cim:DiagramObjectPoint.sequenceNumber>
    <cim:DiagramObjectPoint.DiagramObject rdf:resource="#_89d87b65-3392-42e9-80b9-53b99d3e0b5e"/>
    <cim:DiagramObjectPoint.xPosition>56.000000</cim:DiagramObjectPoint.xPosition>
    <cim:DiagramObjectPoint.yPosition>178.000000</cim:DiagramObjectPoint.yPosition>
  </cim:DiagramObjectPoint>
  <cim:DiagramObjectPoint rdf:ID="_686fd74d-0afb-42ff-be5f-7b1103d84924">
    <cim:DiagramObjectPoint.sequenceNumber>2</cim:DiagramObjectPoint.sequenceNumber>
    <cim:DiagramObjectPoint.DiagramObject rdf:resource="#_89d87b65-3392-42e9-80b9-53b99d3e0b5e"/>
    <cim:DiagramObjectPoint.xPosition>56.000000</cim:DiagramObjectPoint.xPosition>
    <cim:DiagramObjectPoint.yPosition>170.000000</cim:DiagramObjectPoint.yPosition>
  </cim:DiagramObjectPoint>
  <cim:DiagramObject rdf:ID="_45a2441f-64ce-4264-989c-7a2e29162285">
    <cim:DiagramObject.rotation>0</cim:DiagramObject.rotation>
    <cim:DiagramObject.IdentifiedObject rdf:resource="#E-331"/>
    <cim:DiagramObject.Diagram rdf:resource="#_9a844459-cf44-48c4-b5ae-e56d7446f017"/>
  </cim:DiagramObject>
  <cim:DiagramObjectPoint rdf:ID="_533a2fb7-b2c2-45dc-b522-d64ad0441eb8">
    <cim:DiagramObjectPoint.sequenceNumber>1</cim:DiagramObjectPoint.sequenceNumber>
    <cim:DiagramObjectPoint.DiagramObject rdf:resource="#_45a2441f-64ce-4264-989c-7a2e29162285"/>
    <cim:DiagramObjectPoint.xPosition>96.000000</cim:DiagramObjectPoint.xPosition>
    <cim:DiagramObjectPoint.yPosition>186.000000</cim:DiagramObjectPoint.yPosition>
  </cim:DiagramObjectPoint>
  <cim:DiagramObjectPoint rdf:ID="_d19c26f2-6fa8-437e-b5a4-ddd325eebf16">
    <cim:DiagramObjectPoint.sequenceNumber>2</cim:DiagramObjectPoint.sequenceNumber>
    <cim:DiagramObjectPoint.DiagramObject rdf:resource="#_45a2441f-64ce-4264-989c-7a2e29162285"/>
    <cim:DiagramObjectPoint.xPosition>90.000000</cim:DiagramObjectPoint.xPosition>
    <cim:DiagramObjectPoint.yPosition>186.000000</cim:DiagramObjectPoint.yPosition>
  </cim:DiagramObjectPoint>
  <cim:DiagramObject rdf:ID="_d2b16143-4056-4ebe-b5c1-7df2339b0ee6">
    <cim:DiagramObject.rotation>0</cim:DiagramObject.rotation>
    <cim:DiagramObject.IdentifiedObject rdf:resource="#E-334"/>
    <cim:DiagramObject.Diagram rdf:resource="#_9a844459-cf44-48c4-b5ae-e56d7446f017"/>
  </cim:DiagramObject>
  <cim:DiagramObjectPoint rdf:ID="_e8d64410-14b9-4df6-a268-3e33a9c910ef">
    <cim:DiagramObjectPoint.sequenceNumber>1</cim:DiagramObjectPoint.sequenceNumber>
    <cim:DiagramObjectPoint.DiagramObject rdf:resource="#_d2b16143-4056-4ebe-b5c1-7df2339b0ee6"/>
    <cim:DiagramObjectPoint.xPosition>138.000000</cim:DiagramObjectPoint.xPosition>
    <cim:DiagramObjectPoint.yPosition>190.000000</cim:DiagramObjectPoint.yPosition>
  </cim:DiagramObjectPoint>
  <cim:DiagramObjectPoint rdf:ID="_b6fa4c91-b7a8-4759-a400-057f58eff2e0">
    <cim:DiagramObjectPoint.sequenceNumber>2</cim:DiagramObjectPoint.sequenceNumber>
    <cim:DiagramObjectPoint.DiagramObject rdf:resource="#_d2b16143-4056-4ebe-b5c1-7df2339b0ee6"/>
    <cim:DiagramObjectPoint.xPosition>138.000000</cim:DiagramObjectPoint.xPosition>
    <cim:DiagramObjectPoint.yPosition>185.600000</cim:DiagramObjectPoint.yPosition>
  </cim:DiagramObjectPoint>
  <cim:DiagramObject rdf:ID="_9d57ad67-f433-4e49-a7a4-26cf0c26d94f">
    <cim:DiagramObject.rotation>0</cim:DiagramObject.rotation>
    <cim:DiagramObject.IdentifiedObject rdf:resource="#E-337"/>
    <cim:DiagramObject.Diagram rdf:resource="#_9a844459-cf44-48c4-b5ae-e56d7446f017"/>
  </cim:DiagramObject>
  <cim:DiagramObjectPoint rdf:ID="_a5274784-94ae-4398-92be-42903647e96f">
    <cim:DiagramObjectPoint.sequenceNumber>1</cim:DiagramObjectPoint.sequenceNumber>
    <cim:DiagramObjectPoint.DiagramObject rdf:resource="#_9d57ad67-f433-4e49-a7a4-26cf0c26d94f"/>
    <cim:DiagramObjectPoint.xPosition>138.000000</cim:DiagramObjectPoint.xPosition>
    <cim:DiagramObjectPoint.yPosition>168.000000</cim:DiagramObjectPoint.yPosition>
  </cim:DiagramObjectPoint>
  <cim:DiagramObjectPoint rdf:ID="_616547e5-de7c-41c1-9808-e9de3ca8f16a">
    <cim:DiagramObjectPoint.sequenceNumber>2</cim:DiagramObjectPoint.sequenceNumber>
    <cim:DiagramObjectPoint.DiagramObject rdf:resource="#_9d57ad67-f433-4e49-a7a4-26cf0c26d94f"/>
    <cim:DiagramObjectPoint.xPosition>138.000000</cim:DiagramObjectPoint.xPosition>
    <cim:DiagramObjectPoint.yPosition>164.000000</cim:DiagramObjectPoint.yPosition>
  </cim:DiagramObjectPoint>
  <cim:DiagramObject rdf:ID="_9879a732-6881-4eb1-92e4-c2b9029bc0d2">
    <cim:DiagramObject.rotation>0</cim:DiagramObject.rotation>
    <cim:DiagramObject.IdentifiedObject rdf:resource="#E-340"/>
    <cim:DiagramObject.Diagram rdf:resource="#_9a844459-cf44-48c4-b5ae-e56d7446f017"/>
  </cim:DiagramObject>
  <cim:DiagramObjectPoint rdf:ID="_1b2397c9-28d8-4e74-91aa-8f58755a0f35">
    <cim:DiagramObjectPoint.sequenceNumber>1</cim:DiagramObjectPoint.sequenceNumber>
    <cim:DiagramObjectPoint.DiagramObject rdf:resource="#_9879a732-6881-4eb1-92e4-c2b9029bc0d2"/>
    <cim:DiagramObjectPoint.xPosition>110.000000</cim:DiagramObjectPoint.xPosition>
    <cim:DiagramObjectPoint.yPosition>150.000000</cim:DiagramObjectPoint.yPosition>
  </cim:DiagramObjectPoint>
  <cim:DiagramObjectPoint rdf:ID="_5d447296-538c-4c1c-896c-e1624d4f91b3">
    <cim:DiagramObjectPoint.sequenceNumber>2</cim:DiagramObjectPoint.sequenceNumber>
    <cim:DiagramObjectPoint.DiagramObject rdf:resource="#_9879a732-6881-4eb1-92e4-c2b9029bc0d2"/>
    <cim:DiagramObjectPoint.xPosition>110.000000</cim:DiagramObjectPoint.xPosition>
    <cim:DiagramObjectPoint.yPosition>146.000000</cim:DiagramObjectPoint.yPosition>
  </cim:DiagramObjectPoint>
  <cim:DiagramObject rdf:ID="_699b062d-a533-43e7-8366-532b27e9ae5c">
    <cim:DiagramObject.rotation>0</cim:DiagramObject.rotation>
    <cim:DiagramObject.IdentifiedObject rdf:resource="#E-1229744455"/>
    <cim:DiagramObject.Diagram rdf:resource="#_9a844459-cf44-48c4-b5ae-e56d7446f017"/>
  </cim:DiagramObject>
  <cim:DiagramObjectPoint rdf:ID="_b7a68fb7-9f64-41ac-9ece-284fc50e055e">
    <cim:DiagramObjectPoint.sequenceNumber>1</cim:DiagramObjectPoint.sequenceNumber>
    <cim:DiagramObjectPoint.DiagramObject rdf:resource="#_699b062d-a533-43e7-8366-532b27e9ae5c"/>
    <cim:DiagramObjectPoint.xPosition>92.000000</cim:DiagramObjectPoint.xPosition>
    <cim:DiagramObjectPoint.yPosition>67.200000</cim:DiagramObjectPoint.yPosition>
  </cim:DiagramObjectPoint>
  <cim:DiagramObjectPoint rdf:ID="_ce707807-fae4-407a-bc93-10ca89107d56">
    <cim:DiagramObjectPoint.sequenceNumber>2</cim:DiagramObjectPoint.sequenceNumber>
    <cim:DiagramObjectPoint.DiagramObject rdf:resource="#_699b062d-a533-43e7-8366-532b27e9ae5c"/>
    <cim:DiagramObjectPoint.xPosition>92.000000</cim:DiagramObjectPoint.xPosition>
    <cim:DiagramObjectPoint.yPosition>76.000000</cim:DiagramObjectPoint.yPosition>
  </cim:DiagramObjectPoint>
  <cim:DiagramObject rdf:ID="_550625e2-2d31-47bc-832c-520497b4d85d">
    <cim:DiagramObject.rotation>0</cim:DiagramObject.rotation>
    <cim:DiagramObject.IdentifiedObject rdf:resource="#E-1229744452"/>
    <cim:DiagramObject.Diagram rdf:resource="#_9a844459-cf44-48c4-b5ae-e56d7446f017"/>
  </cim:DiagramObject>
  <cim:DiagramObjectPoint rdf:ID="_a23caf21-2517-4b50-b682-f51e6b2964c3">
    <cim:DiagramObjectPoint.sequenceNumber>1</cim:DiagramObjectPoint.sequenceNumber>
    <cim:DiagramObjectPoint.DiagramObject rdf:resource="#_550625e2-2d31-47bc-832c-520497b4d85d"/>
    <cim:DiagramObjectPoint.xPosition>92.000000</cim:DiagramObjectPoint.xPosition>
    <cim:DiagramObjectPoint.yPosition>46.000000</cim:DiagramObjectPoint.yPosition>
  </cim:DiagramObjectPoint>
  <cim:DiagramObjectPoint rdf:ID="_92d4431c-2879-4cdc-8265-c5fbc5e17cb8">
    <cim:DiagramObjectPoint.sequenceNumber>2</cim:DiagramObjectPoint.sequenceNumber>
    <cim:DiagramObjectPoint.DiagramObject rdf:resource="#_550625e2-2d31-47bc-832c-520497b4d85d"/>
    <cim:DiagramObjectPoint.xPosition>92.000000</cim:DiagramObjectPoint.xPosition>
    <cim:DiagramObjectPoint.yPosition>42.000000</cim:DiagramObjectPoint.yPosition>
  </cim:DiagramObjectPoint>
  <cim:DiagramObjectPoint rdf:ID="_18c61081-5a22-48a3-830a-9ae3af3935b1">
    <cim:DiagramObjectPoint.sequenceNumber>3</cim:DiagramObjectPoint.sequenceNumber>
    <cim:DiagramObjectPoint.DiagramObject rdf:resource="#_550625e2-2d31-47bc-832c-520497b4d85d"/>
    <cim:DiagramObjectPoint.xPosition>132.000000</cim:DiagramObjectPoint.xPosition>
    <cim:DiagramObjectPoint.yPosition>42.000000</cim:DiagramObjectPoint.yPosition>
  </cim:DiagramObjectPoint>
  <cim:DiagramObjectPoint rdf:ID="_6629031c-e54b-47d5-92d4-5e85cf7cdca5">
    <cim:DiagramObjectPoint.sequenceNumber>4</cim:DiagramObjectPoint.sequenceNumber>
    <cim:DiagramObjectPoint.DiagramObject rdf:resource="#_550625e2-2d31-47bc-832c-520497b4d85d"/>
    <cim:DiagramObjectPoint.xPosition>132.000000</cim:DiagramObjectPoint.xPosition>
    <cim:DiagramObjectPoint.yPosition>34.000000</cim:DiagramObjectPoint.yPosition>
  </cim:DiagramObjectPoint>
  <cim:DiagramObject rdf:ID="_91441617-5d74-4a4f-9d94-cf7cf44885ec">
    <cim:DiagramObject.rotation>0</cim:DiagramObject.rotation>
    <cim:DiagramObject.IdentifiedObject rdf:resource="#E-1229744476"/>
    <cim:DiagramObject.Diagram rdf:resource="#_9a844459-cf44-48c4-b5ae-e56d7446f017"/>
  </cim:DiagramObject>
  <cim:DiagramObjectPoint rdf:ID="_5573e826-ddbf-45fd-8234-0e05139977f3">
    <cim:DiagramObjectPoint.sequenceNumber>1</cim:DiagramObjectPoint.sequenceNumber>
    <cim:DiagramObjectPoint.DiagramObject rdf:resource="#_91441617-5d74-4a4f-9d94-cf7cf44885ec"/>
    <cim:DiagramObjectPoint.xPosition>194.000000</cim:DiagramObjectPoint.xPosition>
    <cim:DiagramObjectPoint.yPosition>48.000000</cim:DiagramObjectPoint.yPosition>
  </cim:DiagramObjectPoint>
  <cim:DiagramObjectPoint rdf:ID="_d99c2543-5f95-4723-83ae-5269f7d6abdd">
    <cim:DiagramObjectPoint.sequenceNumber>2</cim:DiagramObjectPoint.sequenceNumber>
    <cim:DiagramObjectPoint.DiagramObject rdf:resource="#_91441617-5d74-4a4f-9d94-cf7cf44885ec"/>
    <cim:DiagramObjectPoint.xPosition>194.000000</cim:DiagramObjectPoint.xPosition>
    <cim:DiagramObjectPoint.yPosition>42.000000</cim:DiagramObjectPoint.yPosition>
  </cim:DiagramObjectPoint>
  <cim:DiagramObjectPoint rdf:ID="_bd0e11ce-68ca-4857-8ca0-8115eed6fff0">
    <cim:DiagramObjectPoint.sequenceNumber>3</cim:DiagramObjectPoint.sequenceNumber>
    <cim:DiagramObjectPoint.DiagramObject rdf:resource="#_91441617-5d74-4a4f-9d94-cf7cf44885ec"/>
    <cim:DiagramObjectPoint.xPosition>140.000000</cim:DiagramObjectPoint.xPosition>
    <cim:DiagramObjectPoint.yPosition>42.000000</cim:DiagramObjectPoint.yPosition>
  </cim:DiagramObjectPoint>
  <cim:DiagramObjectPoint rdf:ID="_012dbf5c-e2d3-4e35-a3a6-e8b3f9505d21">
    <cim:DiagramObjectPoint.sequenceNumber>4</cim:DiagramObjectPoint.sequenceNumber>
    <cim:DiagramObjectPoint.DiagramObject rdf:resource="#_91441617-5d74-4a4f-9d94-cf7cf44885ec"/>
    <cim:DiagramObjectPoint.xPosition>140.000000</cim:DiagramObjectPoint.xPosition>
    <cim:DiagramObjectPoint.yPosition>34.000000</cim:DiagramObjectPoint.yPosition>
  </cim:DiagramObjectPoint>
  <cim:DiagramObject rdf:ID="_8a6133ec-e904-40c1-9287-d9dddda69518">
    <cim:DiagramObject.rotation>0</cim:DiagramObject.rotation>
    <cim:DiagramObject.IdentifiedObject rdf:resource="#E-1229744473"/>
    <cim:DiagramObject.Diagram rdf:resource="#_9a844459-cf44-48c4-b5ae-e56d7446f017"/>
  </cim:DiagramObject>
  <cim:DiagramObjectPoint rdf:ID="_5e47d0fa-bcb4-47d5-8f21-c9ba6071d93a">
    <cim:DiagramObjectPoint.sequenceNumber>1</cim:DiagramObjectPoint.sequenceNumber>
    <cim:DiagramObjectPoint.DiagramObject rdf:resource="#_8a6133ec-e904-40c1-9287-d9dddda69518"/>
    <cim:DiagramObjectPoint.xPosition>194.000000</cim:DiagramObjectPoint.xPosition>
    <cim:DiagramObjectPoint.yPosition>76.000000</cim:DiagramObjectPoint.yPosition>
  </cim:DiagramObjectPoint>
  <cim:DiagramObjectPoint rdf:ID="_7707b11c-362d-4f0c-875f-8c04f40db7d5">
    <cim:DiagramObjectPoint.sequenceNumber>2</cim:DiagramObjectPoint.sequenceNumber>
    <cim:DiagramObjectPoint.DiagramObject rdf:resource="#_8a6133ec-e904-40c1-9287-d9dddda69518"/>
    <cim:DiagramObjectPoint.xPosition>194.000000</cim:DiagramObjectPoint.xPosition>
    <cim:DiagramObjectPoint.yPosition>69.000000</cim:DiagramObjectPoint.yPosition>
  </cim:DiagramObjectPoint>
  <cim:DiagramObject rdf:ID="_24801cee-0fc8-45c8-a113-02ed94265232">
    <cim:DiagramObject.rotation>0</cim:DiagramObject.rotation>
    <cim:DiagramObject.IdentifiedObject rdf:resource="#N0"/>
    <cim:DiagramObject.Diagram rdf:resource="#_9a844459-cf44-48c4-b5ae-e56d7446f017"/>
  </cim:DiagramObject>
  <cim:DiagramObjectPoint rdf:ID="_c959ab51-3afe-4ab8-ab74-a433fe4e4de2">
    <cim:DiagramObjectPoint.sequenceNumber>1</cim:DiagramObjectPoint.sequenceNumber>
    <cim:DiagramObjectPoint.DiagramObject rdf:resource="#_24801cee-0fc8-45c8-a113-02ed94265232"/>
    <cim:DiagramObjectPoint.xPosition>126.000000</cim:DiagramObjectPoint.xPosition>
    <cim:DiagramObjectPoint.yPosition>34.000000</cim:DiagramObjectPoint.yPosition>
  </cim:DiagramObjectPoint>
  <cim:DiagramObjectPoint rdf:ID="_27cbf89b-d312-4436-bbad-1084d3471d72">
    <cim:DiagramObjectPoint.sequenceNumber>2</cim:DiagramObjectPoint.sequenceNumber>
    <cim:DiagramObjectPoint.DiagramObject rdf:resource="#_24801cee-0fc8-45c8-a113-02ed94265232"/>
    <cim:DiagramObjectPoint.xPosition>148.000000</cim:DiagramObjectPoint.xPosition>
    <cim:DiagramObjectPoint.yPosition>34.000000</cim:DiagramObjectPoint.yPosition>
  </cim:DiagramObjectPoint>
  <cim:DiagramObject rdf:ID="_9fff33e0-027c-43ec-b17b-1a20608835e1">
    <cim:DiagramObject.rotation>0</cim:DiagramObject.rotation>
    <cim:DiagramObject.IdentifiedObject rdf:resource="#N1"/>
    <cim:DiagramObject.Diagram rdf:resource="#_9a844459-cf44-48c4-b5ae-e56d7446f017"/>
  </cim:DiagramObject>
  <cim:DiagramObjectPoint rdf:ID="_a19b4e8b-b812-45d1-8ad5-80ac14b4ef23">
    <cim:DiagramObjectPoint.sequenceNumber>1</cim:DiagramObjectPoint.sequenceNumber>
    <cim:DiagramObjectPoint.DiagramObject rdf:resource="#_9fff33e0-027c-43ec-b17b-1a20608835e1"/>
    <cim:DiagramObjectPoint.xPosition>84.000000</cim:DiagramObjectPoint.xPosition>
    <cim:DiagramObjectPoint.yPosition>76.000000</cim:DiagramObjectPoint.yPosition>
  </cim:DiagramObjectPoint>
  <cim:DiagramObjectPoint rdf:ID="_e6fafdfa-d490-4370-bd06-b78a698c2203">
    <cim:DiagramObjectPoint.sequenceNumber>2</cim:DiagramObjectPoint.sequenceNumber>
    <cim:DiagramObjectPoint.DiagramObject rdf:resource="#_9fff33e0-027c-43ec-b17b-1a20608835e1"/>
    <cim:DiagramObjectPoint.xPosition>122.000000</cim:DiagramObjectPoint.xPosition>
    <cim:DiagramObjectPoint.yPosition>76.000000</cim:DiagramObjectPoint.yPosition>
  </cim:DiagramObjectPoint>
  <cim:DiagramObject rdf:ID="_74a419d0-76d1-421a-8331-c528c1385997">
    <cim:DiagramObject.rotation>0</cim:DiagramObject.rotation>
    <cim:DiagramObject.IdentifiedObject rdf:resource="#N12"/>
    <cim:DiagramObject.Diagram rdf:resource="#_9a844459-cf44-48c4-b5ae-e56d7446f017"/>
  </cim:DiagramObject>
  <cim:DiagramObjectPoint rdf:ID="_aaf1d431-ef48-43d0-89e8-34439bcfa175">
    <cim:DiagramObjectPoint.sequenceNumber>1</cim:DiagramObjectPoint.sequenceNumber>
    <cim:DiagramObjectPoint.DiagramObject rdf:resource="#_74a419d0-76d1-421a-8331-c528c1385997"/>
    <cim:DiagramObjectPoint.xPosition>181.000000</cim:DiagramObjectPoint.xPosition>
    <cim:DiagramObjectPoint.yPosition>76.000000</cim:DiagramObjectPoint.yPosition>
  </cim:DiagramObjectPoint>
  <cim:DiagramObjectPoint rdf:ID="_56f111cd-e9ae-4977-ba8a-3d2792c8830e">
    <cim:DiagramObjectPoint.sequenceNumber>2</cim:DiagramObjectPoint.sequenceNumber>
    <cim:DiagramObjectPoint.DiagramObject rdf:resource="#_74a419d0-76d1-421a-8331-c528c1385997"/>
    <cim:DiagramObjectPoint.xPosition>222.000000</cim:DiagramObjectPoint.xPosition>
    <cim:DiagramObjectPoint.yPosition>76.000000</cim:DiagramObjectPoint.yPosition>
  </cim:DiagramObjectPoint>
  <cim:DiagramObject rdf:ID="_b6ce6b9d-db40-4045-ad6d-b5225fa6d196">
    <cim:DiagramObject.rotation>0</cim:DiagramObject.rotation>
    <cim:DiagramObject.IdentifiedObject rdf:resource="#N3"/>
    <cim:DiagramObject.Diagram rdf:resource="#_9a844459-cf44-48c4-b5ae-e56d7446f017"/>
  </cim:DiagramObject>
  <cim:DiagramObjectPoint rdf:ID="_1daf4756-c636-4c52-a150-811dce55d1f6">
    <cim:DiagramObjectPoint.sequenceNumber>1</cim:DiagramObjectPoint.sequenceNumber>
    <cim:DiagramObjectPoint.DiagramObject rdf:resource="#_b6ce6b9d-db40-4045-ad6d-b5225fa6d196"/>
    <cim:DiagramObjectPoint.xPosition>58.000000</cim:DiagramObjectPoint.xPosition>
    <cim:DiagramObjectPoint.yPosition>108.000000</cim:DiagramObjectPoint.yPosition>
  </cim:DiagramObjectPoint>
  <cim:DiagramObjectPoint rdf:ID="_c0681013-f556-4819-a81f-3b7f78eb4be0">
    <cim:DiagramObjectPoint.sequenceNumber>2</cim:DiagramObjectPoint.sequenceNumber>
    <cim:DiagramObjectPoint.DiagramObject rdf:resource="#_b6ce6b9d-db40-4045-ad6d-b5225fa6d196"/>
    <cim:DiagramObjectPoint.xPosition>104.000000</cim:DiagramObjectPoint.xPosition>
    <cim:DiagramObjectPoint.yPosition>108.000000</cim:DiagramObjectPoint.yPosition>
  </cim:DiagramObjectPoint>
  <cim:DiagramObject rdf:ID="_6956215d-cefc-4e19-85a9-1780667fe7eb">
    <cim:DiagramObject.rotation>0</cim:DiagramObject.rotation>
    <cim:DiagramObject.IdentifiedObject rdf:resource="#N5"/>
    <cim:DiagramObject.Diagram rdf:resource="#_9a844459-cf44-48c4-b5ae-e56d7446f017"/>
  </cim:DiagramObject>
  <cim:DiagramObjectPoint rdf:ID="_218c5296-e53e-49ba-9dd6-fc098c7f7d37">
    <cim:DiagramObjectPoint.sequenceNumber>1</cim:DiagramObjectPoint.sequenceNumber>
    <cim:DiagramObjectPoint.DiagramObject rdf:resource="#_6956215d-cefc-4e19-85a9-1780667fe7eb"/>
    <cim:DiagramObjectPoint.xPosition>23.900000</cim:DiagramObjectPoint.xPosition>
    <cim:DiagramObjectPoint.yPosition>146.000000</cim:DiagramObjectPoint.yPosition>
  </cim:DiagramObjectPoint>
  <cim:DiagramObjectPoint rdf:ID="_9fc76538-257c-473d-9b3b-5202aaa6a776">
    <cim:DiagramObjectPoint.sequenceNumber>2</cim:DiagramObjectPoint.sequenceNumber>
    <cim:DiagramObjectPoint.DiagramObject rdf:resource="#_6956215d-cefc-4e19-85a9-1780667fe7eb"/>
    <cim:DiagramObjectPoint.xPosition>43.900000</cim:DiagramObjectPoint.xPosition>
    <cim:DiagramObjectPoint.yPosition>146.000000</cim:DiagramObjectPoint.yPosition>
  </cim:DiagramObjectPoint>
  <cim:DiagramObject rdf:ID="_d5d66200-39f1-42e6-a1df-6a1703bdde49">
    <cim:DiagramObject.rotation>0</cim:DiagramObject.rotation>
    <cim:DiagramObject.IdentifiedObject rdf:resource="#N4"/>
    <cim:DiagramObject.Diagram rdf:resource="#_9a844459-cf44-48c4-b5ae-e56d7446f017"/>
  </cim:DiagramObject>
  <cim:DiagramObjectPoint rdf:ID="_76252308-2200-4456-8f69-7baae78e84f5">
    <cim:DiagramObjectPoint.sequenceNumber>1</cim:DiagramObjectPoint.sequenceNumber>
    <cim:DiagramObjectPoint.DiagramObject rdf:resource="#_d5d66200-39f1-42e6-a1df-6a1703bdde49"/>
    <cim:DiagramObjectPoint.xPosition>22.000000</cim:DiagramObjectPoint.xPosition>
    <cim:DiagramObjectPoint.yPosition>124.000000</cim:DiagramObjectPoint.yPosition>
  </cim:DiagramObjectPoint>
  <cim:DiagramObjectPoint rdf:ID="_646675de-04fd-478a-ba29-97e8d4b886e8">
    <cim:DiagramObjectPoint.sequenceNumber>2</cim:DiagramObjectPoint.sequenceNumber>
    <cim:DiagramObjectPoint.DiagramObject rdf:resource="#_d5d66200-39f1-42e6-a1df-6a1703bdde49"/>
    <cim:DiagramObjectPoint.xPosition>66.000000</cim:DiagramObjectPoint.xPosition>
    <cim:DiagramObjectPoint.yPosition>124.000000</cim:DiagramObjectPoint.yPosition>
  </cim:DiagramObjectPoint>
  <cim:DiagramObject rdf:ID="_90cb9ca9-c22c-413d-b38c-3c264b852e01">
    <cim:DiagramObject.rotation>0</cim:DiagramObject.rotation>
    <cim:DiagramObject.IdentifiedObject rdf:resource="#N10"/>
    <cim:DiagramObject.Diagram rdf:resource="#_9a844459-cf44-48c4-b5ae-e56d7446f017"/>
  </cim:DiagramObject>
  <cim:DiagramObjectPoint rdf:ID="_2db33d25-205e-4675-8ad9-4150da02561a">
    <cim:DiagramObjectPoint.sequenceNumber>1</cim:DiagramObjectPoint.sequenceNumber>
    <cim:DiagramObjectPoint.DiagramObject rdf:resource="#_90cb9ca9-c22c-413d-b38c-3c264b852e01"/>
    <cim:DiagramObjectPoint.xPosition>44.000000</cim:DiagramObjectPoint.xPosition>
    <cim:DiagramObjectPoint.yPosition>170.000000</cim:DiagramObjectPoint.yPosition>
  </cim:DiagramObjectPoint>
  <cim:DiagramObjectPoint rdf:ID="_c8cdaa8f-7006-4565-8206-0d1c0ea2f2c4">
    <cim:DiagramObjectPoint.sequenceNumber>2</cim:DiagramObjectPoint.sequenceNumber>
    <cim:DiagramObjectPoint.DiagramObject rdf:resource="#_90cb9ca9-c22c-413d-b38c-3c264b852e01"/>
    <cim:DiagramObjectPoint.xPosition>73.900000</cim:DiagramObjectPoint.xPosition>
    <cim:DiagramObjectPoint.yPosition>170.000000</cim:DiagramObjectPoint.yPosition>
  </cim:DiagramObjectPoint>
  <cim:DiagramObject rdf:ID="_7e37e93b-d895-4e2d-b5ef-a16debe4e68a">
    <cim:DiagramObject.rotation>0</cim:DiagramObject.rotation>
    <cim:DiagramObject.IdentifiedObject rdf:resource="#N9"/>
    <cim:DiagramObject.Diagram rdf:resource="#_9a844459-cf44-48c4-b5ae-e56d7446f017"/>
  </cim:DiagramObject>
  <cim:DiagramObjectPoint rdf:ID="_1472539e-4da6-41e3-b682-e00fb06a0ec7">
    <cim:DiagramObjectPoint.sequenceNumber>1</cim:DiagramObjectPoint.sequenceNumber>
    <cim:DiagramObjectPoint.DiagramObject rdf:resource="#_7e37e93b-d895-4e2d-b5ef-a16debe4e68a"/>
    <cim:DiagramObjectPoint.xPosition>90.000000</cim:DiagramObjectPoint.xPosition>
    <cim:DiagramObjectPoint.yPosition>165.200000</cim:DiagramObjectPoint.yPosition>
  </cim:DiagramObjectPoint>
  <cim:DiagramObjectPoint rdf:ID="_3ebaae2b-fc6c-4fa3-be0c-0fc88b31c4c5">
    <cim:DiagramObjectPoint.sequenceNumber>2</cim:DiagramObjectPoint.sequenceNumber>
    <cim:DiagramObjectPoint.DiagramObject rdf:resource="#_7e37e93b-d895-4e2d-b5ef-a16debe4e68a"/>
    <cim:DiagramObjectPoint.xPosition>90.000000</cim:DiagramObjectPoint.xPosition>
    <cim:DiagramObjectPoint.yPosition>191.200000</cim:DiagramObjectPoint.yPosition>
  </cim:DiagramObjectPoint>
  <cim:DiagramObject rdf:ID="_6a367bd4-6c86-47c3-922c-b1e3ff6c48b6">
    <cim:DiagramObject.rotation>0</cim:DiagramObject.rotation>
    <cim:DiagramObject.IdentifiedObject rdf:resource="#N8"/>
    <cim:DiagramObject.Diagram rdf:resource="#_9a844459-cf44-48c4-b5ae-e56d7446f017"/>
  </cim:DiagramObject>
  <cim:DiagramObjectPoint rdf:ID="_688af68c-19b6-4caf-a46c-87d2379da7ea">
    <cim:DiagramObjectPoint.sequenceNumber>1</cim:DiagramObjectPoint.sequenceNumber>
    <cim:DiagramObjectPoint.DiagramObject rdf:resource="#_6a367bd4-6c86-47c3-922c-b1e3ff6c48b6"/>
    <cim:DiagramObjectPoint.xPosition>91.000000</cim:DiagramObjectPoint.xPosition>
    <cim:DiagramObjectPoint.yPosition>146.000000</cim:DiagramObjectPoint.yPosition>
  </cim:DiagramObjectPoint>
  <cim:DiagramObjectPoint rdf:ID="_dbd071a8-d61c-4894-a30d-4d341868ed8b">
    <cim:DiagramObjectPoint.sequenceNumber>2</cim:DiagramObjectPoint.sequenceNumber>
    <cim:DiagramObjectPoint.DiagramObject rdf:resource="#_6a367bd4-6c86-47c3-922c-b1e3ff6c48b6"/>
    <cim:DiagramObjectPoint.xPosition>132.000000</cim:DiagramObjectPoint.xPosition>
    <cim:DiagramObjectPoint.yPosition>146.000000</cim:DiagramObjectPoint.yPosition>
  </cim:DiagramObjectPoint>
  <cim:DiagramObject rdf:ID="_e27f36f2-1fc9-4a7a-bba0-cf6c23accf1a">
    <cim:DiagramObject.rotation>0</cim:DiagramObject.rotation>
    <cim:DiagramObject.IdentifiedObject rdf:resource="#N7"/>
    <cim:DiagramObject.Diagram rdf:resource="#_9a844459-cf44-48c4-b5ae-e56d7446f017"/>
  </cim:DiagramObject>
  <cim:DiagramObjectPoint rdf:ID="_ce94e217-4509-4e1a-928d-a2dbfc84b18d">
    <cim:DiagramObjectPoint.sequenceNumber>1</cim:DiagramObjectPoint.sequenceNumber>
    <cim:DiagramObjectPoint.DiagramObject rdf:resource="#_e27f36f2-1fc9-4a7a-bba0-cf6c23accf1a"/>
    <cim:DiagramObjectPoint.xPosition>119.000000</cim:DiagramObjectPoint.xPosition>
    <cim:DiagramObjectPoint.yPosition>164.000000</cim:DiagramObjectPoint.yPosition>
  </cim:DiagramObjectPoint>
  <cim:DiagramObjectPoint rdf:ID="_e905438b-d517-4a33-b9d2-b2cbfb9adead">
    <cim:DiagramObjectPoint.sequenceNumber>2</cim:DiagramObjectPoint.sequenceNumber>
    <cim:DiagramObjectPoint.DiagramObject rdf:resource="#_e27f36f2-1fc9-4a7a-bba0-cf6c23accf1a"/>
    <cim:DiagramObjectPoint.xPosition>145.000000</cim:DiagramObjectPoint.xPosition>
    <cim:DiagramObjectPoint.yPosition>164.000000</cim:DiagramObjectPoint.yPosition>
  </cim:DiagramObjectPoint>
  <cim:DiagramObject rdf:ID="_e99aed5a-e639-43d8-82f8-7649b14b6a68">
    <cim:DiagramObject.rotation>0</cim:DiagramObject.rotation>
    <cim:DiagramObject.IdentifiedObject rdf:resource="#N6"/>
    <cim:DiagramObject.Diagram rdf:resource="#_9a844459-cf44-48c4-b5ae-e56d7446f017"/>
  </cim:DiagramObject>
  <cim:DiagramObjectPoint rdf:ID="_8d86bd8c-3d49-413a-977a-ac2247a5a7a8">
    <cim:DiagramObjectPoint.sequenceNumber>1</cim:DiagramObjectPoint.sequenceNumber>
    <cim:DiagramObjectPoint.DiagramObject rdf:resource="#_e99aed5a-e639-43d8-82f8-7649b14b6a68"/>
    <cim:DiagramObjectPoint.xPosition>118.000000</cim:DiagramObjectPoint.xPosition>
    <cim:DiagramObjectPoint.yPosition>185.600000</cim:DiagramObjectPoint.yPosition>
  </cim:DiagramObjectPoint>
  <cim:DiagramObjectPoint rdf:ID="_0e706a41-749b-4ad4-a68d-5cb351497a27">
    <cim:DiagramObjectPoint.sequenceNumber>2</cim:DiagramObjectPoint.sequenceNumber>
    <cim:DiagramObjectPoint.DiagramObject rdf:resource="#_e99aed5a-e639-43d8-82f8-7649b14b6a68"/>
    <cim:DiagramObjectPoint.xPosition>146.000000</cim:DiagramObjectPoint.xPosition>
    <cim:DiagramObjectPoint.yPosition>185.600000</cim:DiagramObjectPoint.yPosition>
  </cim:DiagramObjectPoint>
  <cim:DiagramObject rdf:ID="_c83e8759-4bf5-421e-bf5f-d6eaa4161de0">
    <cim:DiagramObject.rotation>0</cim:DiagramObject.rotation>
    <cim:DiagramObject.IdentifiedObject rdf:resource="#N14"/>
    <cim:DiagramObject.Diagram rdf:resource="#_9a844459-cf44-48c4-b5ae-e56d7446f017"/>
  </cim:DiagramObject>
  <cim:DiagramObjectPoint rdf:ID="_c167636a-a5d1-40aa-b315-ed06a824efba">
    <cim:DiagramObjectPoint.sequenceNumber>1</cim:DiagramObjectPoint.sequenceNumber>
    <cim:DiagramObjectPoint.DiagramObject rdf:resource="#_c83e8759-4bf5-421e-bf5f-d6eaa4161de0"/>
    <cim:DiagramObjectPoint.xPosition>180.000000</cim:DiagramObjectPoint.xPosition>
    <cim:DiagramObjectPoint.yPosition>144.000000</cim:DiagramObjectPoint.yPosition>
  </cim:DiagramObjectPoint>
  <cim:DiagramObjectPoint rdf:ID="_9ad85888-6371-43f3-b0a1-af0365bba953">
    <cim:DiagramObjectPoint.sequenceNumber>2</cim:DiagramObjectPoint.sequenceNumber>
    <cim:DiagramObjectPoint.DiagramObject rdf:resource="#_c83e8759-4bf5-421e-bf5f-d6eaa4161de0"/>
    <cim:DiagramObjectPoint.xPosition>210.000000</cim:DiagramObjectPoint.xPosition>
    <cim:DiagramObjectPoint.yPosition>144.000000</cim:DiagramObjectPoint.yPosition>
  </cim:DiagramObjectPoint>
  <cim:DiagramObject rdf:ID="_8b40c6c4-9918-4622-b5a5-46de4ddf755d">
    <cim:DiagramObject.rotation>0</cim:DiagramObject.rotation>
    <cim:DiagramObject.IdentifiedObject rdf:resource="#N13"/>
    <cim:DiagramObject.Diagram rdf:resource="#_9a844459-cf44-48c4-b5ae-e56d7446f017"/>
  </cim:DiagramObject>
  <cim:DiagramObjectPoint rdf:ID="_0a1adf8a-dff0-4391-b11a-1f87db3e3001">
    <cim:DiagramObjectPoint.sequenceNumber>1</cim:DiagramObjectPoint.sequenceNumber>
    <cim:DiagramObjectPoint.DiagramObject rdf:resource="#_8b40c6c4-9918-4622-b5a5-46de4ddf755d"/>
    <cim:DiagramObjectPoint.xPosition>182.000000</cim:DiagramObjectPoint.xPosition>
    <cim:DiagramObjectPoint.yPosition>104.000000</cim:DiagramObjectPoint.yPosition>
  </cim:DiagramObjectPoint>
  <cim:DiagramObjectPoint rdf:ID="_144ce869-04d7-4b12-adb6-19c214de2771">
    <cim:DiagramObjectPoint.sequenceNumber>2</cim:DiagramObjectPoint.sequenceNumber>
    <cim:DiagramObjectPoint.DiagramObject rdf:resource="#_8b40c6c4-9918-4622-b5a5-46de4ddf755d"/>
    <cim:DiagramObjectPoint.xPosition>208.000000</cim:DiagramObjectPoint.xPosition>
    <cim:DiagramObjectPoint.yPosition>104.000000</cim:DiagramObjectPoint.yPosition>
  </cim:DiagramObjectPoint>
  <cim:DiagramObject rdf:ID="_527700e9-3099-4ff7-8e46-f1d0275ee373">
    <cim:DiagramObject.rotation>0</cim:DiagramObject.rotation>
    <cim:DiagramObject.IdentifiedObject rdf:resource="#N11"/>
    <cim:DiagramObject.Diagram rdf:resource="#_9a844459-cf44-48c4-b5ae-e56d7446f017"/>
  </cim:DiagramObject>
  <cim:DiagramObjectPoint rdf:ID="_2c2bae22-4e98-475d-991f-65a856bcb202">
    <cim:DiagramObjectPoint.sequenceNumber>1</cim:DiagramObjectPoint.sequenceNumber>
    <cim:DiagramObjectPoint.DiagramObject rdf:resource="#_527700e9-3099-4ff7-8e46-f1d0275ee373"/>
    <cim:DiagramObjectPoint.xPosition>54.900000</cim:DiagramObjectPoint.xPosition>
    <cim:DiagramObjectPoint.yPosition>146.000000</cim:DiagramObjectPoint.yPosition>
  </cim:DiagramObjectPoint>
  <cim:DiagramObjectPoint rdf:ID="_d93a0932-ea21-4336-9784-2a10cfa9a856">
    <cim:DiagramObjectPoint.sequenceNumber>2</cim:DiagramObjectPoint.sequenceNumber>
    <cim:DiagramObjectPoint.DiagramObject rdf:resource="#_527700e9-3099-4ff7-8e46-f1d0275ee373"/>
    <cim:DiagramObjectPoint.xPosition>72.900000</cim:DiagramObjectPoint.xPosition>
    <cim:DiagramObjectPoint.yPosition>146.000000</cim:DiagramObjectPoint.yPosition>
  </cim:DiagramObjectPoint>
  <cim:DiagramObject rdf:ID="_7fc2be82-5aa2-4231-a864-ab4b4b79ee1e">
    <cim:DiagramObject.rotation>0</cim:DiagramObject.rotation>
    <cim:DiagramObject.IdentifiedObject rdf:resource="#N2"/>
    <cim:DiagramObject.Diagram rdf:resource="#_9a844459-cf44-48c4-b5ae-e56d7446f017"/>
  </cim:DiagramObject>
  <cim:DiagramObjectPoint rdf:ID="_f7339e1a-3259-4859-a436-54e049d30729">
    <cim:DiagramObjectPoint.sequenceNumber>1</cim:DiagramObjectPoint.sequenceNumber>
    <cim:DiagramObjectPoint.DiagramObject rdf:resource="#_7fc2be82-5aa2-4231-a864-ab4b4b79ee1e"/>
    <cim:DiagramObjectPoint.xPosition>83.500000</cim:DiagramObjectPoint.xPosition>
    <cim:DiagramObjectPoint.yPosition>92.000000</cim:DiagramObjectPoint.yPosition>
  </cim:DiagramObjectPoint>
  <cim:DiagramObjectPoint rdf:ID="_79138610-2c47-4865-89da-4fd6476179eb">
    <cim:DiagramObjectPoint.sequenceNumber>2</cim:DiagramObjectPoint.sequenceNumber>
    <cim:DiagramObjectPoint.DiagramObject rdf:resource="#_7fc2be82-5aa2-4231-a864-ab4b4b79ee1e"/>
    <cim:DiagramObjectPoint.xPosition>104.500000</cim:DiagramObjectPoint.xPosition>
    <cim:DiagramObjectPoint.yPosition>92.000000</cim:DiagramObjectPoint.yPosition>
  </cim:DiagramObjectPoint>
  <cim:DiagramObject rdf:ID="_d3cf6ba0-c8f8-48f4-90e8-9139ab9f255f">
    <cim:DiagramObject.rotation>0</cim:DiagramObject.rotation>
    <cim:DiagramObject.IdentifiedObject rdf:resource="#L4-5"/>
    <cim:DiagramObject.Diagram rdf:resource="#_9a844459-cf44-48c4-b5ae-e56d7446f017"/>
  </cim:DiagramObject>
  <cim:DiagramObjectPoint rdf:ID="_c6321bfc-59e1-4185-9f5b-b75edd372754">
    <cim:DiagramObjectPoint.sequenceNumber>1</cim:DiagramObjectPoint.sequenceNumber>
    <cim:DiagramObjectPoint.DiagramObject rdf:resource="#_d3cf6ba0-c8f8-48f4-90e8-9139ab9f255f"/>
    <cim:DiagramObjectPoint.xPosition>38.000000</cim:DiagramObjectPoint.xPosition>
    <cim:DiagramObjectPoint.yPosition>124.000000</cim:DiagramObjectPoint.yPosition>
  </cim:DiagramObjectPoint>
  <cim:DiagramObjectPoint rdf:ID="_495e6a97-ce5b-4b18-b1bd-3a1b41f90e16">
    <cim:DiagramObjectPoint.sequenceNumber>2</cim:DiagramObjectPoint.sequenceNumber>
    <cim:DiagramObjectPoint.DiagramObject rdf:resource="#_d3cf6ba0-c8f8-48f4-90e8-9139ab9f255f"/>
    <cim:DiagramObjectPoint.xPosition>38.000000</cim:DiagramObjectPoint.xPosition>
    <cim:DiagramObjectPoint.yPosition>146.000000</cim:DiagramObjectPoint.yPosition>
  </cim:DiagramObjectPoint>
  <cim:DiagramObject rdf:ID="_b896c7b6-5390-454a-b284-4ca84d3b0aab">
    <cim:DiagramObject.rotation>0</cim:DiagramObject.rotation>
    <cim:DiagramObject.IdentifiedObject rdf:resource="#L3-4"/>
    <cim:DiagramObject.Diagram rdf:resource="#_9a844459-cf44-48c4-b5ae-e56d7446f017"/>
  </cim:DiagramObject>
  <cim:DiagramObjectPoint rdf:ID="_21bc4257-eb11-4605-a5a9-5c2987c998d0">
    <cim:DiagramObjectPoint.sequenceNumber>1</cim:DiagramObjectPoint.sequenceNumber>
    <cim:DiagramObjectPoint.DiagramObject rdf:resource="#_b896c7b6-5390-454a-b284-4ca84d3b0aab"/>
    <cim:DiagramObjectPoint.xPosition>62.000000</cim:DiagramObjectPoint.xPosition>
    <cim:DiagramObjectPoint.yPosition>108.000000</cim:DiagramObjectPoint.yPosition>
  </cim:DiagramObjectPoint>
  <cim:DiagramObjectPoint rdf:ID="_63c34198-2289-4f3c-bd0c-9d4a9803527c">
    <cim:DiagramObjectPoint.sequenceNumber>2</cim:DiagramObjectPoint.sequenceNumber>
    <cim:DiagramObjectPoint.DiagramObject rdf:resource="#_b896c7b6-5390-454a-b284-4ca84d3b0aab"/>
    <cim:DiagramObjectPoint.xPosition>61.800000</cim:DiagramObjectPoint.xPosition>
    <cim:DiagramObjectPoint.yPosition>124.000000</cim:DiagramObjectPoint.yPosition>
  </cim:DiagramObjectPoint>
  <cim:DiagramObject rdf:ID="_794bb91e-4cc3-46fd-952c-fdeb796f0d4f">
    <cim:DiagramObject.rotation>0</cim:DiagramObject.rotation>
    <cim:DiagramObject.IdentifiedObject rdf:resource="#L11-10"/>
    <cim:DiagramObject.Diagram rdf:resource="#_9a844459-cf44-48c4-b5ae-e56d7446f017"/>
  </cim:DiagramObject>
  <cim:DiagramObjectPoint rdf:ID="_69f641df-7ddb-450b-8bf8-b53269ee4d5b">
    <cim:DiagramObjectPoint.sequenceNumber>1</cim:DiagramObjectPoint.sequenceNumber>
    <cim:DiagramObjectPoint.DiagramObject rdf:resource="#_794bb91e-4cc3-46fd-952c-fdeb796f0d4f"/>
    <cim:DiagramObjectPoint.xPosition>64.000000</cim:DiagramObjectPoint.xPosition>
    <cim:DiagramObjectPoint.yPosition>146.000000</cim:DiagramObjectPoint.yPosition>
  </cim:DiagramObjectPoint>
  <cim:DiagramObjectPoint rdf:ID="_c516beee-721e-42af-8138-f2dabdf4c4d4">
    <cim:DiagramObjectPoint.sequenceNumber>2</cim:DiagramObjectPoint.sequenceNumber>
    <cim:DiagramObjectPoint.DiagramObject rdf:resource="#_794bb91e-4cc3-46fd-952c-fdeb796f0d4f"/>
    <cim:DiagramObjectPoint.xPosition>64.000000</cim:DiagramObjectPoint.xPosition>
    <cim:DiagramObjectPoint.yPosition>170.000000</cim:DiagramObjectPoint.yPosition>
  </cim:DiagramObjectPoint>
  <cim:DiagramObject rdf:ID="_e91ecc8e-4bb3-428e-9537-7a9c3e5f3df9">
    <cim:DiagramObject.rotation>0</cim:DiagramObject.rotation>
    <cim:DiagramObject.IdentifiedObject rdf:resource="#L10-9"/>
    <cim:DiagramObject.Diagram rdf:resource="#_9a844459-cf44-48c4-b5ae-e56d7446f017"/>
  </cim:DiagramObject>
  <cim:DiagramObjectPoint rdf:ID="_12bad6f7-5051-41c0-9950-c0294e1704f5">
    <cim:DiagramObjectPoint.sequenceNumber>1</cim:DiagramObjectPoint.sequenceNumber>
    <cim:DiagramObjectPoint.DiagramObject rdf:resource="#_e91ecc8e-4bb3-428e-9537-7a9c3e5f3df9"/>
    <cim:DiagramObjectPoint.xPosition>64.000000</cim:DiagramObjectPoint.xPosition>
    <cim:DiagramObjectPoint.yPosition>170.000000</cim:DiagramObjectPoint.yPosition>
  </cim:DiagramObjectPoint>
  <cim:DiagramObjectPoint rdf:ID="_57817629-e989-43ce-987f-637938beb3ca">
    <cim:DiagramObjectPoint.sequenceNumber>2</cim:DiagramObjectPoint.sequenceNumber>
    <cim:DiagramObjectPoint.DiagramObject rdf:resource="#_e91ecc8e-4bb3-428e-9537-7a9c3e5f3df9"/>
    <cim:DiagramObjectPoint.xPosition>64.000000</cim:DiagramObjectPoint.xPosition>
    <cim:DiagramObjectPoint.yPosition>177.800000</cim:DiagramObjectPoint.yPosition>
  </cim:DiagramObjectPoint>
  <cim:DiagramObjectPoint rdf:ID="_892ed2a9-3a7f-4c10-8289-87534e92d838">
    <cim:DiagramObjectPoint.sequenceNumber>3</cim:DiagramObjectPoint.sequenceNumber>
    <cim:DiagramObjectPoint.DiagramObject rdf:resource="#_e91ecc8e-4bb3-428e-9537-7a9c3e5f3df9"/>
    <cim:DiagramObjectPoint.xPosition>90.000000</cim:DiagramObjectPoint.xPosition>
    <cim:DiagramObjectPoint.yPosition>178.000000</cim:DiagramObjectPoint.yPosition>
  </cim:DiagramObjectPoint>
  <cim:DiagramObject rdf:ID="_ff4d483e-404f-49dc-afee-7a3e1e603b7e">
    <cim:DiagramObject.rotation>0</cim:DiagramObject.rotation>
    <cim:DiagramObject.IdentifiedObject rdf:resource="#L3-8"/>
    <cim:DiagramObject.Diagram rdf:resource="#_9a844459-cf44-48c4-b5ae-e56d7446f017"/>
  </cim:DiagramObject>
  <cim:DiagramObjectPoint rdf:ID="_e004aa09-429a-45b3-846e-3cc0cac42ef1">
    <cim:DiagramObjectPoint.sequenceNumber>1</cim:DiagramObjectPoint.sequenceNumber>
    <cim:DiagramObjectPoint.DiagramObject rdf:resource="#_ff4d483e-404f-49dc-afee-7a3e1e603b7e"/>
    <cim:DiagramObjectPoint.xPosition>98.000000</cim:DiagramObjectPoint.xPosition>
    <cim:DiagramObjectPoint.yPosition>108.000000</cim:DiagramObjectPoint.yPosition>
  </cim:DiagramObjectPoint>
  <cim:DiagramObjectPoint rdf:ID="_8bd00762-7a74-4dd3-a5f5-031789df4690">
    <cim:DiagramObjectPoint.sequenceNumber>2</cim:DiagramObjectPoint.sequenceNumber>
    <cim:DiagramObjectPoint.DiagramObject rdf:resource="#_ff4d483e-404f-49dc-afee-7a3e1e603b7e"/>
    <cim:DiagramObjectPoint.xPosition>98.100000</cim:DiagramObjectPoint.xPosition>
    <cim:DiagramObjectPoint.yPosition>146.000000</cim:DiagramObjectPoint.yPosition>
  </cim:DiagramObjectPoint>
  <cim:DiagramObject rdf:ID="_89294138-74e3-48ee-b56b-9f5f2c42bbe4">
    <cim:DiagramObject.rotation>0</cim:DiagramObject.rotation>
    <cim:DiagramObject.IdentifiedObject rdf:resource="#L8-9"/>
    <cim:DiagramObject.Diagram rdf:resource="#_9a844459-cf44-48c4-b5ae-e56d7446f017"/>
  </cim:DiagramObject>
  <cim:DiagramObjectPoint rdf:ID="_ba1a0c31-331b-4693-9358-69378e80a16d">
    <cim:DiagramObjectPoint.sequenceNumber>1</cim:DiagramObjectPoint.sequenceNumber>
    <cim:DiagramObjectPoint.DiagramObject rdf:resource="#_89294138-74e3-48ee-b56b-9f5f2c42bbe4"/>
    <cim:DiagramObjectPoint.xPosition>98.000000</cim:DiagramObjectPoint.xPosition>
    <cim:DiagramObjectPoint.yPosition>146.000000</cim:DiagramObjectPoint.yPosition>
  </cim:DiagramObjectPoint>
  <cim:DiagramObjectPoint rdf:ID="_63a7dc94-1ae1-41fa-85e3-d2dd5bf0f582">
    <cim:DiagramObjectPoint.sequenceNumber>2</cim:DiagramObjectPoint.sequenceNumber>
    <cim:DiagramObjectPoint.DiagramObject rdf:resource="#_89294138-74e3-48ee-b56b-9f5f2c42bbe4"/>
    <cim:DiagramObjectPoint.xPosition>98.000000</cim:DiagramObjectPoint.xPosition>
    <cim:DiagramObjectPoint.yPosition>177.800000</cim:DiagramObjectPoint.yPosition>
  </cim:DiagramObjectPoint>
  <cim:DiagramObjectPoint rdf:ID="_6dc17b78-e29c-4df2-967d-f709991796f1">
    <cim:DiagramObjectPoint.sequenceNumber>3</cim:DiagramObjectPoint.sequenceNumber>
    <cim:DiagramObjectPoint.DiagramObject rdf:resource="#_89294138-74e3-48ee-b56b-9f5f2c42bbe4"/>
    <cim:DiagramObjectPoint.xPosition>90.000000</cim:DiagramObjectPoint.xPosition>
    <cim:DiagramObjectPoint.yPosition>177.800000</cim:DiagramObjectPoint.yPosition>
  </cim:DiagramObjectPoint>
  <cim:DiagramObject rdf:ID="_6dc1b7e4-c7d6-4736-b3d0-25ccf88335d2">
    <cim:DiagramObject.rotation>0</cim:DiagramObject.rotation>
    <cim:DiagramObject.IdentifiedObject rdf:resource="#L7-8"/>
    <cim:DiagramObject.Diagram rdf:resource="#_9a844459-cf44-48c4-b5ae-e56d7446f017"/>
  </cim:DiagramObject>
  <cim:DiagramObjectPoint rdf:ID="_41258038-d985-4351-811a-4cc7ff078770">
    <cim:DiagramObjectPoint.sequenceNumber>1</cim:DiagramObjectPoint.sequenceNumber>
    <cim:DiagramObjectPoint.DiagramObject rdf:resource="#_6dc1b7e4-c7d6-4736-b3d0-25ccf88335d2"/>
    <cim:DiagramObjectPoint.xPosition>128.000000</cim:DiagramObjectPoint.xPosition>
    <cim:DiagramObjectPoint.yPosition>146.000000</cim:DiagramObjectPoint.yPosition>
  </cim:DiagramObjectPoint>
  <cim:DiagramObjectPoint rdf:ID="_9351de5d-ae88-49e8-958d-7db7974fa8fa">
    <cim:DiagramObjectPoint.sequenceNumber>2</cim:DiagramObjectPoint.sequenceNumber>
    <cim:DiagramObjectPoint.DiagramObject rdf:resource="#_6dc1b7e4-c7d6-4736-b3d0-25ccf88335d2"/>
    <cim:DiagramObjectPoint.xPosition>128.100000</cim:DiagramObjectPoint.xPosition>
    <cim:DiagramObjectPoint.yPosition>164.000000</cim:DiagramObjectPoint.yPosition>
  </cim:DiagramObjectPoint>
  <cim:DiagramObject rdf:ID="_8a997d1a-7063-49e4-ba4b-00b125be114e">
    <cim:DiagramObject.rotation>0</cim:DiagramObject.rotation>
    <cim:DiagramObject.IdentifiedObject rdf:resource="#L5-6"/>
    <cim:DiagramObject.Diagram rdf:resource="#_9a844459-cf44-48c4-b5ae-e56d7446f017"/>
  </cim:DiagramObject>
  <cim:DiagramObjectPoint rdf:ID="_2d01c6b2-9d19-488c-856f-d0a561c9c8ac">
    <cim:DiagramObjectPoint.sequenceNumber>1</cim:DiagramObjectPoint.sequenceNumber>
    <cim:DiagramObjectPoint.DiagramObject rdf:resource="#_8a997d1a-7063-49e4-ba4b-00b125be114e"/>
    <cim:DiagramObjectPoint.xPosition>36.000000</cim:DiagramObjectPoint.xPosition>
    <cim:DiagramObjectPoint.yPosition>146.000000</cim:DiagramObjectPoint.yPosition>
  </cim:DiagramObjectPoint>
  <cim:DiagramObjectPoint rdf:ID="_5128f772-74d2-4999-90d3-c9e93407e501">
    <cim:DiagramObjectPoint.sequenceNumber>2</cim:DiagramObjectPoint.sequenceNumber>
    <cim:DiagramObjectPoint.DiagramObject rdf:resource="#_8a997d1a-7063-49e4-ba4b-00b125be114e"/>
    <cim:DiagramObjectPoint.xPosition>36.000000</cim:DiagramObjectPoint.xPosition>
    <cim:DiagramObjectPoint.yPosition>198.000000</cim:DiagramObjectPoint.yPosition>
  </cim:DiagramObjectPoint>
  <cim:DiagramObjectPoint rdf:ID="_bbddf18b-55ef-4fc8-ac2c-a937dfb3268f">
    <cim:DiagramObjectPoint.sequenceNumber>3</cim:DiagramObjectPoint.sequenceNumber>
    <cim:DiagramObjectPoint.DiagramObject rdf:resource="#_8a997d1a-7063-49e4-ba4b-00b125be114e"/>
    <cim:DiagramObjectPoint.xPosition>129.900000</cim:DiagramObjectPoint.xPosition>
    <cim:DiagramObjectPoint.yPosition>198.000000</cim:DiagramObjectPoint.yPosition>
  </cim:DiagramObjectPoint>
  <cim:DiagramObjectPoint rdf:ID="_745caee7-6f44-4bbc-93f5-8c6331f1ba38">
    <cim:DiagramObjectPoint.sequenceNumber>4</cim:DiagramObjectPoint.sequenceNumber>
    <cim:DiagramObjectPoint.DiagramObject rdf:resource="#_8a997d1a-7063-49e4-ba4b-00b125be114e"/>
    <cim:DiagramObjectPoint.xPosition>129.900000</cim:DiagramObjectPoint.xPosition>
    <cim:DiagramObjectPoint.yPosition>185.600000</cim:DiagramObjectPoint.yPosition>
  </cim:DiagramObjectPoint>
  <cim:DiagramObject rdf:ID="_2c055de8-f5cf-4541-95da-8f80aab96df4">
    <cim:DiagramObject.rotation>0</cim:DiagramObject.rotation>
    <cim:DiagramObject.IdentifiedObject rdf:resource="#L12-13"/>
    <cim:DiagramObject.Diagram rdf:resource="#_9a844459-cf44-48c4-b5ae-e56d7446f017"/>
  </cim:DiagramObject>
  <cim:DiagramObjectPoint rdf:ID="_0d34bcf1-a1a1-4aab-aa65-c2477dee5578">
    <cim:DiagramObjectPoint.sequenceNumber>1</cim:DiagramObjectPoint.sequenceNumber>
    <cim:DiagramObjectPoint.DiagramObject rdf:resource="#_2c055de8-f5cf-4541-95da-8f80aab96df4"/>
    <cim:DiagramObjectPoint.xPosition>194.000000</cim:DiagramObjectPoint.xPosition>
    <cim:DiagramObjectPoint.yPosition>76.000000</cim:DiagramObjectPoint.yPosition>
  </cim:DiagramObjectPoint>
  <cim:DiagramObjectPoint rdf:ID="_314f2575-0280-4278-83ff-198dd5f55fb6">
    <cim:DiagramObjectPoint.sequenceNumber>2</cim:DiagramObjectPoint.sequenceNumber>
    <cim:DiagramObjectPoint.DiagramObject rdf:resource="#_2c055de8-f5cf-4541-95da-8f80aab96df4"/>
    <cim:DiagramObjectPoint.xPosition>193.900000</cim:DiagramObjectPoint.xPosition>
    <cim:DiagramObjectPoint.yPosition>104.000000</cim:DiagramObjectPoint.yPosition>
  </cim:DiagramObjectPoint>
  <cim:DiagramObject rdf:ID="_4e13226c-87b2-43c3-8668-f2ed0d6fda43">
    <cim:DiagramObject.rotation>0</cim:DiagramObject.rotation>
    <cim:DiagramObject.IdentifiedObject rdf:resource="#L13-14"/>
    <cim:DiagramObject.Diagram rdf:resource="#_9a844459-cf44-48c4-b5ae-e56d7446f017"/>
  </cim:DiagramObject>
  <cim:DiagramObjectPoint rdf:ID="_b47dd1cc-8ed8-4e25-a7f7-8af23e6dbdec">
    <cim:DiagramObjectPoint.sequenceNumber>1</cim:DiagramObjectPoint.sequenceNumber>
    <cim:DiagramObjectPoint.DiagramObject rdf:resource="#_4e13226c-87b2-43c3-8668-f2ed0d6fda43"/>
    <cim:DiagramObjectPoint.xPosition>194.000000</cim:DiagramObjectPoint.xPosition>
    <cim:DiagramObjectPoint.yPosition>104.000000</cim:DiagramObjectPoint.yPosition>
  </cim:DiagramObjectPoint>
  <cim:DiagramObjectPoint rdf:ID="_f06fe07c-de49-4390-9a2f-99084a3704d9">
    <cim:DiagramObjectPoint.sequenceNumber>2</cim:DiagramObjectPoint.sequenceNumber>
    <cim:DiagramObjectPoint.DiagramObject rdf:resource="#_4e13226c-87b2-43c3-8668-f2ed0d6fda43"/>
    <cim:DiagramObjectPoint.xPosition>193.900000</cim:DiagramObjectPoint.xPosition>
    <cim:DiagramObjectPoint.yPosition>144.000000</cim:DiagramObjectPoint.yPosition>
  </cim:DiagramObjectPoint>
  <cim:DiagramObject rdf:ID="_89cd4b42-1416-4690-bf95-831747d23dfa">
    <cim:DiagramObject.rotation>0</cim:DiagramObject.rotation>
    <cim:DiagramObject.IdentifiedObject rdf:resource="#L1-2"/>
    <cim:DiagramObject.Diagram rdf:resource="#_9a844459-cf44-48c4-b5ae-e56d7446f017"/>
  </cim:DiagramObject>
  <cim:DiagramObjectPoint rdf:ID="_0d17c5c1-8dd0-42b1-b50b-4bb5fe7a2224">
    <cim:DiagramObjectPoint.sequenceNumber>1</cim:DiagramObjectPoint.sequenceNumber>
    <cim:DiagramObjectPoint.DiagramObject rdf:resource="#_89cd4b42-1416-4690-bf95-831747d23dfa"/>
    <cim:DiagramObjectPoint.xPosition>92.000000</cim:DiagramObjectPoint.xPosition>
    <cim:DiagramObjectPoint.yPosition>76.000000</cim:DiagramObjectPoint.yPosition>
  </cim:DiagramObjectPoint>
  <cim:DiagramObjectPoint rdf:ID="_716084ce-d8cc-442c-85f1-c383e9438e2e">
    <cim:DiagramObjectPoint.sequenceNumber>2</cim:DiagramObjectPoint.sequenceNumber>
    <cim:DiagramObjectPoint.DiagramObject rdf:resource="#_89cd4b42-1416-4690-bf95-831747d23dfa"/>
    <cim:DiagramObjectPoint.xPosition>92.000000</cim:DiagramObjectPoint.xPosition>
    <cim:DiagramObjectPoint.yPosition>92.000000</cim:DiagramObjectPoint.yPosition>
  </cim:DiagramObjectPoint>
  <cim:DiagramObject rdf:ID="_dc5d0945-1d87-46ec-9a21-69a92375d3fa">
    <cim:DiagramObject.rotation>0</cim:DiagramObject.rotation>
    <cim:DiagramObject.IdentifiedObject rdf:resource="#L2-3"/>
    <cim:DiagramObject.Diagram rdf:resource="#_9a844459-cf44-48c4-b5ae-e56d7446f017"/>
  </cim:DiagramObject>
  <cim:DiagramObjectPoint rdf:ID="_8d1a0017-356e-4e4e-8b7f-591b5cbfd516">
    <cim:DiagramObjectPoint.sequenceNumber>1</cim:DiagramObjectPoint.sequenceNumber>
    <cim:DiagramObjectPoint.DiagramObject rdf:resource="#_dc5d0945-1d87-46ec-9a21-69a92375d3fa"/>
    <cim:DiagramObjectPoint.xPosition>92.000000</cim:DiagramObjectPoint.xPosition>
    <cim:DiagramObjectPoint.yPosition>92.000000</cim:DiagramObjectPoint.yPosition>
  </cim:DiagramObjectPoint>
  <cim:DiagramObjectPoint rdf:ID="_0d958e6b-5871-4ed0-bf49-15c159f0d1f1">
    <cim:DiagramObjectPoint.sequenceNumber>2</cim:DiagramObjectPoint.sequenceNumber>
    <cim:DiagramObjectPoint.DiagramObject rdf:resource="#_dc5d0945-1d87-46ec-9a21-69a92375d3fa"/>
    <cim:DiagramObjectPoint.xPosition>92.000000</cim:DiagramObjectPoint.xPosition>
    <cim:DiagramObjectPoint.yPosition>108.000000</cim:DiagramObjectPoint.yPosition>
  </cim:DiagramObjectPoint>
  <cim:DiagramObject rdf:ID="_b7b0b911-2ec8-4e4e-b4cc-a945ffe7c915">
    <cim:DiagramObject.rotation>0</cim:DiagramObject.rotation>
    <cim:DiagramObject.IdentifiedObject rdf:resource="#TR0"/>
    <cim:DiagramObject.Diagram rdf:resource="#_9a844459-cf44-48c4-b5ae-e56d7446f017"/>
  </cim:DiagramObject>
  <cim:DiagramObjectPoint rdf:ID="_8a6ddfc3-28b9-46fc-9215-f6f68bf81e39">
    <cim:DiagramObjectPoint.sequenceNumber>1</cim:DiagramObjectPoint.sequenceNumber>
    <cim:DiagramObjectPoint.DiagramObject rdf:resource="#_b7b0b911-2ec8-4e4e-b4cc-a945ffe7c915"/>
    <cim:DiagramObjectPoint.xPosition>92.000000</cim:DiagramObjectPoint.xPosition>
    <cim:DiagramObjectPoint.yPosition>56.600000</cim:DiagramObjectPoint.yPosition>
  </cim:DiagramObjectPoint>
  <cim:DiagramObject rdf:ID="_0fc4a202-a937-431f-b590-6fcabf041277">
    <cim:DiagramObject.rotation>0</cim:DiagramObject.rotation>
    <cim:DiagramObject.IdentifiedObject rdf:resource="#TR1"/>
    <cim:DiagramObject.Diagram rdf:resource="#_9a844459-cf44-48c4-b5ae-e56d7446f017"/>
  </cim:DiagramObject>
  <cim:DiagramObjectPoint rdf:ID="_759700ca-857b-44bc-8bc7-d8805eede363">
    <cim:DiagramObjectPoint.sequenceNumber>1</cim:DiagramObjectPoint.sequenceNumber>
    <cim:DiagramObjectPoint.DiagramObject rdf:resource="#_0fc4a202-a937-431f-b590-6fcabf041277"/>
    <cim:DiagramObjectPoint.xPosition>194.000000</cim:DiagramObjectPoint.xPosition>
    <cim:DiagramObjectPoint.yPosition>58.500000</cim:DiagramObjectPoint.yPosition>
  </cim:DiagramObjectPoint>
  <cim:DiagramObject rdf:ID="_d4e0e704-68ff-434d-9314-c201a2486926">
    <cim:DiagramObject.rotation>180.000000</cim:DiagramObject.rotation>
    <cim:DiagramObject.IdentifiedObject rdf:resource="#SL"/>
    <cim:DiagramObject.Diagram rdf:resource="#_9a844459-cf44-48c4-b5ae-e56d7446f017"/>
  </cim:DiagramObject>
  <cim:DiagramObjectPoint rdf:ID="_3148f8a1-9c7e-4e9a-a27b-15f8018c3a58">
    <cim:DiagramObjectPoint.sequenceNumber>1</cim:DiagramObjectPoint.sequenceNumber>
    <cim:DiagramObjectPoint.DiagramObject rdf:resource="#_d4e0e704-68ff-434d-9314-c201a2486926"/>
    <cim:DiagramObjectPoint.xPosition>136.000000</cim:DiagramObjectPoint.xPosition>
    <cim:DiagramObjectPoint.yPosition>22.200000</cim:DiagramObjectPoint.yPosition>
  </cim:DiagramObjectPoint>
  <cim:DiagramObject rdf:ID="_14e0d22a-1a55-4a43-af52-19d7f8fc0a95">
    <cim:DiagramObject.rotation>0</cim:DiagramObject.rotation>
    <cim:DiagramObject.IdentifiedObject rdf:resource="#LOAD-I-7"/>
    <cim:DiagramObject.Diagram rdf:resource="#_9a844459-cf44-48c4-b5ae-e56d7446f017"/>
  </cim:DiagramObject>
  <cim:DiagramObjectPoint rdf:ID="_33bba7cc-1639-4364-ae4b-5aaaf5e74e98">
    <cim:DiagramObjectPoint.sequenceNumber>1</cim:DiagramObjectPoint.sequenceNumber>
    <cim:DiagramObjectPoint.DiagramObject rdf:resource="#_14e0d22a-1a55-4a43-af52-19d7f8fc0a95"/>
    <cim:DiagramObjectPoint.xPosition>138.000000</cim:DiagramObjectPoint.xPosition>
    <cim:DiagramObjectPoint.yPosition>171.800000</cim:DiagramObjectPoint.yPosition>
  </cim:DiagramObjectPoint>
  <cim:DiagramObject rdf:ID="_39fca95a-420d-435a-9338-221602977ff1">
    <cim:DiagramObject.rotation>0</cim:DiagramObject.rotation>
    <cim:DiagramObject.IdentifiedObject rdf:resource="#LOAD-H-8"/>
    <cim:DiagramObject.Diagram rdf:resource="#_9a844459-cf44-48c4-b5ae-e56d7446f017"/>
  </cim:DiagramObject>
  <cim:DiagramObjectPoint rdf:ID="_49b39a7f-b242-4f33-9358-77c92de38b08">
    <cim:DiagramObjectPoint.sequenceNumber>1</cim:DiagramObjectPoint.sequenceNumber>
    <cim:DiagramObjectPoint.DiagramObject rdf:resource="#_39fca95a-420d-435a-9338-221602977ff1"/>
    <cim:DiagramObjectPoint.xPosition>110.000000</cim:DiagramObjectPoint.xPosition>
    <cim:DiagramObjectPoint.yPosition>153.800000</cim:DiagramObjectPoint.yPosition>
  </cim:DiagramObjectPoint>
  <cim:DiagramObject rdf:ID="_27736116-c6ee-4e61-8d13-d6d33561af39">
    <cim:DiagramObject.rotation>0</cim:DiagramObject.rotation>
    <cim:DiagramObject.IdentifiedObject rdf:resource="#LOAD-H-12"/>
    <cim:DiagramObject.Diagram rdf:resource="#_9a844459-cf44-48c4-b5ae-e56d7446f017"/>
  </cim:DiagramObject>
  <cim:DiagramObjectPoint rdf:ID="_c6563125-5da3-489f-960e-03dcf2cc344d">
    <cim:DiagramObjectPoint.sequenceNumber>1</cim:DiagramObjectPoint.sequenceNumber>
    <cim:DiagramObjectPoint.DiagramObject rdf:resource="#_27736116-c6ee-4e61-8d13-d6d33561af39"/>
    <cim:DiagramObjectPoint.xPosition>202.000000</cim:DiagramObjectPoint.xPosition>
    <cim:DiagramObjectPoint.yPosition>83.800000</cim:DiagramObjectPoint.yPosition>
  </cim:DiagramObjectPoint>
  <cim:DiagramObject rdf:ID="_0494bde4-e4a1-40e3-bdd6-abddf66809b0">
    <cim:DiagramObject.rotation>0</cim:DiagramObject.rotation>
    <cim:DiagramObject.IdentifiedObject rdf:resource="#LOAD-I-3"/>
    <cim:DiagramObject.Diagram rdf:resource="#_9a844459-cf44-48c4-b5ae-e56d7446f017"/>
  </cim:DiagramObject>
  <cim:DiagramObjectPoint rdf:ID="_94aa5c56-4faa-49fe-984d-dfc02114dc7d">
    <cim:DiagramObjectPoint.sequenceNumber>1</cim:DiagramObjectPoint.sequenceNumber>
    <cim:DiagramObjectPoint.DiagramObject rdf:resource="#_0494bde4-e4a1-40e3-bdd6-abddf66809b0"/>
    <cim:DiagramObjectPoint.xPosition>88.000000</cim:DiagramObjectPoint.xPosition>
    <cim:DiagramObjectPoint.yPosition>115.800000</cim:DiagramObjectPoint.yPosition>
  </cim:DiagramObjectPoint>
  <cim:DiagramObject rdf:ID="_352984e3-1755-4e52-875c-42b37d8f12ed">
    <cim:DiagramObject.rotation>0</cim:DiagramObject.rotation>
    <cim:DiagramObject.IdentifiedObject rdf:resource="#LOAD-H-10"/>
    <cim:DiagramObject.Diagram rdf:resource="#_9a844459-cf44-48c4-b5ae-e56d7446f017"/>
  </cim:DiagramObject>
  <cim:DiagramObjectPoint rdf:ID="_d902ddcd-eebf-4ac2-9a0e-6f21de5aba63">
    <cim:DiagramObjectPoint.sequenceNumber>1</cim:DiagramObjectPoint.sequenceNumber>
    <cim:DiagramObjectPoint.DiagramObject rdf:resource="#_352984e3-1755-4e52-875c-42b37d8f12ed"/>
    <cim:DiagramObjectPoint.xPosition>46.000000</cim:DiagramObjectPoint.xPosition>
    <cim:DiagramObjectPoint.yPosition>181.800000</cim:DiagramObjectPoint.yPosition>
  </cim:DiagramObjectPoint>
  <cim:DiagramObject rdf:ID="_6ab12327-b476-4ce6-b716-acc08398b70e">
    <cim:DiagramObject.rotation>0</cim:DiagramObject.rotation>
    <cim:DiagramObject.IdentifiedObject rdf:resource="#LOAD-I-13"/>
    <cim:DiagramObject.Diagram rdf:resource="#_9a844459-cf44-48c4-b5ae-e56d7446f017"/>
  </cim:DiagramObject>
  <cim:DiagramObjectPoint rdf:ID="_320e30b5-fcd4-4103-bc33-0cdff81bd952">
    <cim:DiagramObjectPoint.sequenceNumber>1</cim:DiagramObjectPoint.sequenceNumber>
    <cim:DiagramObjectPoint.DiagramObject rdf:resource="#_6ab12327-b476-4ce6-b716-acc08398b70e"/>
    <cim:DiagramObjectPoint.xPosition>204.000000</cim:DiagramObjectPoint.xPosition>
    <cim:DiagramObjectPoint.yPosition>113.800000</cim:DiagramObjectPoint.yPosition>
  </cim:DiagramObjectPoint>
  <cim:DiagramObject rdf:ID="_fa88d09b-24ce-454a-b4ed-8e85c871e498">
    <cim:DiagramObject.rotation>0</cim:DiagramObject.rotation>
    <cim:DiagramObject.IdentifiedObject rdf:resource="#LOAD-H-14"/>
    <cim:DiagramObject.Diagram rdf:resource="#_9a844459-cf44-48c4-b5ae-e56d7446f017"/>
  </cim:DiagramObject>
  <cim:DiagramObjectPoint rdf:ID="_f8b1dcb0-409f-415d-b428-453e1c83b569">
    <cim:DiagramObjectPoint.sequenceNumber>1</cim:DiagramObjectPoint.sequenceNumber>
    <cim:DiagramObjectPoint.DiagramObject rdf:resource="#_fa88d09b-24ce-454a-b4ed-8e85c871e498"/>
    <cim:DiagramObjectPoint.xPosition>186.000000</cim:DiagramObjectPoint.xPosition>
    <cim:DiagramObjectPoint.yPosition>153.800000</cim:DiagramObjectPoint.yPosition>
  </cim:DiagramObjectPoint>
  <cim:DiagramObject rdf:ID="_30e085ca-9ae6-40d7-bdbd-02787887c266">
    <cim:DiagramObject.rotation>0</cim:DiagramObject.rotation>
    <cim:DiagramObject.IdentifiedObject rdf:resource="#LOAD-I-12"/>
    <cim:DiagramObject.Diagram rdf:resource="#_9a844459-cf44-48c4-b5ae-e56d7446f017"/>
  </cim:DiagramObject>
  <cim:DiagramObjectPoint rdf:ID="_d3a1b839-3fa6-4bc6-9bbc-58767af81cf7">
    <cim:DiagramObjectPoint.sequenceNumber>1</cim:DiagramObjectPoint.sequenceNumber>
    <cim:DiagramObjectPoint.DiagramObject rdf:resource="#_30e085ca-9ae6-40d7-bdbd-02787887c266"/>
    <cim:DiagramObjectPoint.xPosition>218.000000</cim:DiagramObjectPoint.xPosition>
    <cim:DiagramObjectPoint.yPosition>83.800000</cim:DiagramObjectPoint.yPosition>
  </cim:DiagramObjectPoint>
  <cim:DiagramObject rdf:ID="_1602bb82-462f-4dd7-b2ea-a0441ea45de2">
    <cim:DiagramObject.rotation>0</cim:DiagramObject.rotation>
    <cim:DiagramObject.IdentifiedObject rdf:resource="#LOAD-I-14"/>
    <cim:DiagramObject.Diagram rdf:resource="#_9a844459-cf44-48c4-b5ae-e56d7446f017"/>
  </cim:DiagramObject>
  <cim:DiagramObjectPoint rdf:ID="_bf13d68b-4fb0-489e-9abe-eb015d2b5c56">
    <cim:DiagramObjectPoint.sequenceNumber>1</cim:DiagramObjectPoint.sequenceNumber>
    <cim:DiagramObjectPoint.DiagramObject rdf:resource="#_1602bb82-462f-4dd7-b2ea-a0441ea45de2"/>
    <cim:DiagramObjectPoint.xPosition>206.000000</cim:DiagramObjectPoint.xPosition>
    <cim:DiagramObjectPoint.yPosition>153.800000</cim:DiagramObjectPoint.yPosition>
  </cim:DiagramObjectPoint>
  <cim:DiagramObject rdf:ID="_44f182c1-d656-40b6-ad7d-ad4a231bd45b">
    <cim:DiagramObject.rotation>0</cim:DiagramObject.rotation>
    <cim:DiagramObject.IdentifiedObject rdf:resource="#LOAD-H-1"/>
    <cim:DiagramObject.Diagram rdf:resource="#_9a844459-cf44-48c4-b5ae-e56d7446f017"/>
  </cim:DiagramObject>
  <cim:DiagramObjectPoint rdf:ID="_09e59714-b11a-4c2b-8481-f2390818c8ff">
    <cim:DiagramObjectPoint.sequenceNumber>1</cim:DiagramObjectPoint.sequenceNumber>
    <cim:DiagramObjectPoint.DiagramObject rdf:resource="#_44f182c1-d656-40b6-ad7d-ad4a231bd45b"/>
    <cim:DiagramObjectPoint.xPosition>102.000000</cim:DiagramObjectPoint.xPosition>
    <cim:DiagramObjectPoint.yPosition>83.800000</cim:DiagramObjectPoint.yPosition>
  </cim:DiagramObjectPoint>
  <cim:DiagramObject rdf:ID="_6ead3faa-3e87-44ff-91ea-f91122f7a276">
    <cim:DiagramObject.rotation>0</cim:DiagramObject.rotation>
    <cim:DiagramObject.IdentifiedObject rdf:resource="#LOAD-H-3"/>
    <cim:DiagramObject.Diagram rdf:resource="#_9a844459-cf44-48c4-b5ae-e56d7446f017"/>
  </cim:DiagramObject>
  <cim:DiagramObjectPoint rdf:ID="_df6f40d6-6fcf-415f-b970-59ece732d1fa">
    <cim:DiagramObjectPoint.sequenceNumber>1</cim:DiagramObjectPoint.sequenceNumber>
    <cim:DiagramObjectPoint.DiagramObject rdf:resource="#_6ead3faa-3e87-44ff-91ea-f91122f7a276"/>
    <cim:DiagramObjectPoint.xPosition>72.000000</cim:DiagramObjectPoint.xPosition>
    <cim:DiagramObjectPoint.yPosition>115.800000</cim:DiagramObjectPoint.yPosition>
  </cim:DiagramObjectPoint>
  <cim:DiagramObject rdf:ID="_f31d3e9d-7e58-4abc-865c-80aadf48e8ef">
    <cim:DiagramObject.rotation>0</cim:DiagramObject.rotation>
    <cim:DiagramObject.IdentifiedObject rdf:resource="#LOAD-H-4"/>
    <cim:DiagramObject.Diagram rdf:resource="#_9a844459-cf44-48c4-b5ae-e56d7446f017"/>
  </cim:DiagramObject>
  <cim:DiagramObjectPoint rdf:ID="_01595377-4ef1-482d-a712-a0c7535df1ad">
    <cim:DiagramObjectPoint.sequenceNumber>1</cim:DiagramObjectPoint.sequenceNumber>
    <cim:DiagramObjectPoint.DiagramObject rdf:resource="#_f31d3e9d-7e58-4abc-865c-80aadf48e8ef"/>
    <cim:DiagramObjectPoint.xPosition>24.000000</cim:DiagramObjectPoint.xPosition>
    <cim:DiagramObjectPoint.yPosition>133.800000</cim:DiagramObjectPoint.yPosition>
  </cim:DiagramObjectPoint>
  <cim:DiagramObject rdf:ID="_66a7de21-8752-4649-8ac7-59c7a159f009">
    <cim:DiagramObject.rotation>0</cim:DiagramObject.rotation>
    <cim:DiagramObject.IdentifiedObject rdf:resource="#LOAD-H-5"/>
    <cim:DiagramObject.Diagram rdf:resource="#_9a844459-cf44-48c4-b5ae-e56d7446f017"/>
  </cim:DiagramObject>
  <cim:DiagramObjectPoint rdf:ID="_f2febd5c-24f4-4753-bd31-588e94038c04">
    <cim:DiagramObjectPoint.sequenceNumber>1</cim:DiagramObjectPoint.sequenceNumber>
    <cim:DiagramObjectPoint.DiagramObject rdf:resource="#_66a7de21-8752-4649-8ac7-59c7a159f009"/>
    <cim:DiagramObjectPoint.xPosition>24.000000</cim:DiagramObjectPoint.xPosition>
    <cim:DiagramObjectPoint.yPosition>157.800000</cim:DiagramObjectPoint.yPosition>
  </cim:DiagramObjectPoint>
  <cim:DiagramObject rdf:ID="_1971f58d-ef63-44ee-8519-f7e419aea127">
    <cim:DiagramObject.rotation>0</cim:DiagramObject.rotation>
    <cim:DiagramObject.IdentifiedObject rdf:resource="#LOAD-H-11"/>
    <cim:DiagramObject.Diagram rdf:resource="#_9a844459-cf44-48c4-b5ae-e56d7446f017"/>
  </cim:DiagramObject>
  <cim:DiagramObjectPoint rdf:ID="_c5ad7467-f6b9-4493-a38a-4a63c60b1e4b">
    <cim:DiagramObjectPoint.sequenceNumber>1</cim:DiagramObjectPoint.sequenceNumber>
    <cim:DiagramObjectPoint.DiagramObject rdf:resource="#_1971f58d-ef63-44ee-8519-f7e419aea127"/>
    <cim:DiagramObjectPoint.xPosition>70.000000</cim:DiagramObjectPoint.xPosition>
    <cim:DiagramObjectPoint.yPosition>153.800000</cim:DiagramObjectPoint.yPosition>
  </cim:DiagramObjectPoint>
  <cim:DiagramObject rdf:ID="_8f8967f4-82e0-45c4-9e32-c47bd43e130e">
    <cim:DiagramObject.rotation>0</cim:DiagramObject.rotation>
    <cim:DiagramObject.IdentifiedObject rdf:resource="#LOAD-I-1"/>
    <cim:DiagramObject.Diagram rdf:resource="#_9a844459-cf44-48c4-b5ae-e56d7446f017"/>
  </cim:DiagramObject>
  <cim:DiagramObjectPoint rdf:ID="_93b8023e-7a26-45f2-bb80-3ea2d9165189">
    <cim:DiagramObjectPoint.sequenceNumber>1</cim:DiagramObjectPoint.sequenceNumber>
    <cim:DiagramObjectPoint.DiagramObject rdf:resource="#_8f8967f4-82e0-45c4-9e32-c47bd43e130e"/>
    <cim:DiagramObjectPoint.xPosition>120.000000</cim:DiagramObjectPoint.xPosition>
    <cim:DiagramObjectPoint.yPosition>83.800000</cim:DiagramObjectPoint.yPosition>
  </cim:DiagramObjectPoint>
  <cim:DiagramObject rdf:ID="_a618c964-9054-48fe-bbbc-e98070fd8443">
    <cim:DiagramObject.rotation>0</cim:DiagramObject.rotation>
    <cim:DiagramObject.IdentifiedObject rdf:resource="#LOAD-I-10"/>
    <cim:DiagramObject.Diagram rdf:resource="#_9a844459-cf44-48c4-b5ae-e56d7446f017"/>
  </cim:DiagramObject>
  <cim:DiagramObjectPoint rdf:ID="_8fae4767-e839-4918-929e-8fc84aa5a8a8">
    <cim:DiagramObjectPoint.sequenceNumber>1</cim:DiagramObjectPoint.sequenceNumber>
    <cim:DiagramObjectPoint.DiagramObject rdf:resource="#_a618c964-9054-48fe-bbbc-e98070fd8443"/>
    <cim:DiagramObjectPoint.xPosition>56.000000</cim:DiagramObjectPoint.xPosition>
    <cim:DiagramObjectPoint.yPosition>181.800000</cim:DiagramObjectPoint.yPosition>
  </cim:DiagramObjectPoint>
  <cim:DiagramObject rdf:ID="_52ba8a73-145e-41fc-81e4-574fb7e2983c">
    <cim:DiagramObject.rotation>0</cim:DiagramObject.rotation>
    <cim:DiagramObject.IdentifiedObject rdf:resource="#LOAD-I-9"/>
    <cim:DiagramObject.Diagram rdf:resource="#_9a844459-cf44-48c4-b5ae-e56d7446f017"/>
  </cim:DiagramObject>
  <cim:DiagramObjectPoint rdf:ID="_18045fa4-f3ac-4157-98c0-e3a4c116ab8d">
    <cim:DiagramObjectPoint.sequenceNumber>1</cim:DiagramObjectPoint.sequenceNumber>
    <cim:DiagramObjectPoint.DiagramObject rdf:resource="#_52ba8a73-145e-41fc-81e4-574fb7e2983c"/>
    <cim:DiagramObjectPoint.xPosition>96.000000</cim:DiagramObjectPoint.xPosition>
    <cim:DiagramObjectPoint.yPosition>189.800000</cim:DiagramObjectPoint.yPosition>
  </cim:DiagramObjectPoint>
  <cim:DiagramObject rdf:ID="_f48db706-9f63-45ef-9548-f8a878d18372">
    <cim:DiagramObject.rotation>0</cim:DiagramObject.rotation>
    <cim:DiagramObject.IdentifiedObject rdf:resource="#LOAD-H-6"/>
    <cim:DiagramObject.Diagram rdf:resource="#_9a844459-cf44-48c4-b5ae-e56d7446f017"/>
  </cim:DiagramObject>
  <cim:DiagramObjectPoint rdf:ID="_c0824ad2-01ca-4942-830a-54353b5bb686">
    <cim:DiagramObjectPoint.sequenceNumber>1</cim:DiagramObjectPoint.sequenceNumber>
    <cim:DiagramObjectPoint.DiagramObject rdf:resource="#_f48db706-9f63-45ef-9548-f8a878d18372"/>
    <cim:DiagramObjectPoint.xPosition>138.000000</cim:DiagramObjectPoint.xPosition>
    <cim:DiagramObjectPoint.yPosition>193.800000</cim:DiagramObjectPoint.yPosition>
  </cim:DiagramObjectPoint>
</rdf:RDF>
