<?xml version="1.0" encoding="utf-8"?>
<rdf:RDF xmlns:rdf="http://www.w3.org/1999/02/22-rdf-syntax-ns#" xmlns:cim="http://iec.ch/TC57/2012/CIM-schema-cim16#" xmlns:md="http://iec.ch/TC57/61970-552/ModelDescription/1#" xmlns:entsoe="http://entsoe.eu/Secretariat/ProfileExtension/2#" xmlns:neplan="http://www.neplan.ch#">
  <md:FullModel rdf:about="urn:uuid:f2ff6631-14b2-42d2-8fdb-a2edc910aefe">
    <md:Model.created>2018-11-06T16:34:52</md:Model.created>
    <neplan:Model.createdBy>NEPLAN by Busarello + Cott + Partner AG, Switzerland</neplan:Model.createdBy>
    <md:Model.scenarioTime>2018-11-06T16:34:50</md:Model.scenarioTime>
    <md:Model.version>7</md:Model.version>
    <md:Model.DependentOn rdf:resource="urn:uuid:25276efc-54c7-450a-87d6-6f58ae3470a9"/>
    <md:Model.description>NEPLAN</md:Model.description>
    <md:Model.modelingAuthoritySet>FULL</md:Model.modelingAuthoritySet>
    <md:Model.profile>http://iec.ch/TC57/61970-456/Topology/3</md:Model.profile>
  </md:FullModel>
  <cim:NameType rdf:ID="_180dea0a-f4a7-4fec-90f4-fbb189409882">
    <cim:NameType.name>description</cim:NameType.name>
  </cim:NameType>
  <cim:TopologicalNode rdf:ID="N0">
    <cim:IdentifiedObject.name>N0</cim:IdentifiedObject.name>
    <cim:TopologicalNode.BaseVoltage rdf:resource="#_fd4aebc6-81ee-42dd-bea2-e3368f769175"/>
    <cim:TopologicalNode.ConnectivityNodeContainer rdf:resource="#_53a66d62-e48c-4548-bdb0-8d46f596c259"/>
  </cim:TopologicalNode>
  <cim:TopologicalNode rdf:ID="N1">
    <cim:IdentifiedObject.name>N1</cim:IdentifiedObject.name>
    <cim:TopologicalNode.BaseVoltage rdf:resource="#_0a92d9bb-71b6-4256-aa94-54fde8700496"/>
    <cim:TopologicalNode.ConnectivityNodeContainer rdf:resource="#_03323680-017d-4c30-a373-a08268295f28"/>
  </cim:TopologicalNode>
  <cim:TopologicalNode rdf:ID="N12">
    <cim:IdentifiedObject.name>N12</cim:IdentifiedObject.name>
    <cim:TopologicalNode.BaseVoltage rdf:resource="#_0a92d9bb-71b6-4256-aa94-54fde8700496"/>
    <cim:TopologicalNode.ConnectivityNodeContainer rdf:resource="#_ab3a1be0-9b79-4c06-aac2-c29795af7995"/>
  </cim:TopologicalNode>
  <cim:TopologicalNode rdf:ID="N3">
    <cim:IdentifiedObject.name>N3</cim:IdentifiedObject.name>
    <cim:TopologicalNode.BaseVoltage rdf:resource="#_0a92d9bb-71b6-4256-aa94-54fde8700496"/>
    <cim:TopologicalNode.ConnectivityNodeContainer rdf:resource="#_bc60cb48-b173-4a4e-98b3-229aad123c85"/>
  </cim:TopologicalNode>
  <cim:TopologicalNode rdf:ID="N5">
    <cim:IdentifiedObject.name>N5</cim:IdentifiedObject.name>
    <cim:TopologicalNode.BaseVoltage rdf:resource="#_0a92d9bb-71b6-4256-aa94-54fde8700496"/>
    <cim:TopologicalNode.ConnectivityNodeContainer rdf:resource="#_c9026ac7-114f-42db-ad42-c62d5f6dd04e"/>
  </cim:TopologicalNode>
  <cim:TopologicalNode rdf:ID="N4">
    <cim:IdentifiedObject.name>N4</cim:IdentifiedObject.name>
    <cim:TopologicalNode.BaseVoltage rdf:resource="#_0a92d9bb-71b6-4256-aa94-54fde8700496"/>
    <cim:TopologicalNode.ConnectivityNodeContainer rdf:resource="#_e7ebb930-c627-436a-8a78-a081d8fd14b6"/>
  </cim:TopologicalNode>
  <cim:TopologicalNode rdf:ID="N10">
    <cim:IdentifiedObject.name>N10</cim:IdentifiedObject.name>
    <cim:TopologicalNode.BaseVoltage rdf:resource="#_0a92d9bb-71b6-4256-aa94-54fde8700496"/>
    <cim:TopologicalNode.ConnectivityNodeContainer rdf:resource="#_1cc203b2-5def-4787-a39e-bcdaa8704b70"/>
  </cim:TopologicalNode>
  <cim:TopologicalNode rdf:ID="N9">
    <cim:IdentifiedObject.name>N9</cim:IdentifiedObject.name>
    <cim:TopologicalNode.BaseVoltage rdf:resource="#_0a92d9bb-71b6-4256-aa94-54fde8700496"/>
    <cim:TopologicalNode.ConnectivityNodeContainer rdf:resource="#_c939c4a6-6b54-4aab-b12b-02056c76145f"/>
  </cim:TopologicalNode>
  <cim:TopologicalNode rdf:ID="N8">
    <cim:IdentifiedObject.name>N8</cim:IdentifiedObject.name>
    <cim:TopologicalNode.BaseVoltage rdf:resource="#_0a92d9bb-71b6-4256-aa94-54fde8700496"/>
    <cim:TopologicalNode.ConnectivityNodeContainer rdf:resource="#_fba380fd-6b70-46df-97f1-f0f2d6fd027d"/>
  </cim:TopologicalNode>
  <cim:TopologicalNode rdf:ID="N7">
    <cim:IdentifiedObject.name>N7</cim:IdentifiedObject.name>
    <cim:TopologicalNode.BaseVoltage rdf:resource="#_0a92d9bb-71b6-4256-aa94-54fde8700496"/>
    <cim:TopologicalNode.ConnectivityNodeContainer rdf:resource="#_bad2e7c9-5aa8-4017-af2c-5ef5dcf65cf9"/>
  </cim:TopologicalNode>
  <cim:TopologicalNode rdf:ID="N6">
    <cim:IdentifiedObject.name>N6</cim:IdentifiedObject.name>
    <cim:TopologicalNode.BaseVoltage rdf:resource="#_0a92d9bb-71b6-4256-aa94-54fde8700496"/>
    <cim:TopologicalNode.ConnectivityNodeContainer rdf:resource="#_6c34a5cf-b0b5-4164-93b0-6c994651fbd4"/>
  </cim:TopologicalNode>
  <cim:TopologicalNode rdf:ID="N14">
    <cim:IdentifiedObject.name>N14</cim:IdentifiedObject.name>
    <cim:TopologicalNode.BaseVoltage rdf:resource="#_0a92d9bb-71b6-4256-aa94-54fde8700496"/>
    <cim:TopologicalNode.ConnectivityNodeContainer rdf:resource="#_5595a431-985c-4a41-9f8c-7384e248bf95"/>
  </cim:TopologicalNode>
  <cim:TopologicalNode rdf:ID="N13">
    <cim:IdentifiedObject.name>N13</cim:IdentifiedObject.name>
    <cim:TopologicalNode.BaseVoltage rdf:resource="#_0a92d9bb-71b6-4256-aa94-54fde8700496"/>
    <cim:TopologicalNode.ConnectivityNodeContainer rdf:resource="#_98ddf6d7-8d31-48bb-8043-6ebe119bb478"/>
  </cim:TopologicalNode>
  <cim:TopologicalNode rdf:ID="N11">
    <cim:IdentifiedObject.name>N11</cim:IdentifiedObject.name>
    <cim:TopologicalNode.BaseVoltage rdf:resource="#_0a92d9bb-71b6-4256-aa94-54fde8700496"/>
    <cim:TopologicalNode.ConnectivityNodeContainer rdf:resource="#_fe5cecb0-1840-413b-b06e-da542c486491"/>
  </cim:TopologicalNode>
  <cim:TopologicalNode rdf:ID="N2">
    <cim:IdentifiedObject.name>N2</cim:IdentifiedObject.name>
    <cim:TopologicalNode.BaseVoltage rdf:resource="#_0a92d9bb-71b6-4256-aa94-54fde8700496"/>
    <cim:TopologicalNode.ConnectivityNodeContainer rdf:resource="#_633b35b8-fa46-49b0-877c-d7b58e03c961"/>
  </cim:TopologicalNode>
  <cim:Terminal rdf:about="#E-132">
    <cim:Terminal.connected>true</cim:Terminal.connected>
    <cim:Terminal.TopologicalNode rdf:resource="#N4"/>
  </cim:Terminal>
  <cim:Terminal rdf:about="#E-133">
    <cim:Terminal.connected>true</cim:Terminal.connected>
    <cim:Terminal.TopologicalNode rdf:resource="#N5"/>
  </cim:Terminal>
  <cim:Terminal rdf:about="#E-137">
    <cim:Terminal.connected>true</cim:Terminal.connected>
    <cim:Terminal.TopologicalNode rdf:resource="#N3"/>
  </cim:Terminal>
  <cim:Terminal rdf:about="#E-138">
    <cim:Terminal.connected>true</cim:Terminal.connected>
    <cim:Terminal.TopologicalNode rdf:resource="#N4"/>
  </cim:Terminal>
  <cim:Terminal rdf:about="#E-147">
    <cim:Terminal.connected>true</cim:Terminal.connected>
    <cim:Terminal.TopologicalNode rdf:resource="#N11"/>
  </cim:Terminal>
  <cim:Terminal rdf:about="#E-148">
    <cim:Terminal.connected>true</cim:Terminal.connected>
    <cim:Terminal.TopologicalNode rdf:resource="#N10"/>
  </cim:Terminal>
  <cim:Terminal rdf:about="#E-157">
    <cim:Terminal.connected>true</cim:Terminal.connected>
    <cim:Terminal.TopologicalNode rdf:resource="#N10"/>
  </cim:Terminal>
  <cim:Terminal rdf:about="#E-158">
    <cim:Terminal.connected>true</cim:Terminal.connected>
    <cim:Terminal.TopologicalNode rdf:resource="#N9"/>
  </cim:Terminal>
  <cim:Terminal rdf:about="#E-162">
    <cim:Terminal.connected>true</cim:Terminal.connected>
    <cim:Terminal.TopologicalNode rdf:resource="#N3"/>
  </cim:Terminal>
  <cim:Terminal rdf:about="#E-163">
    <cim:Terminal.connected>true</cim:Terminal.connected>
    <cim:Terminal.TopologicalNode rdf:resource="#N8"/>
  </cim:Terminal>
  <cim:Terminal rdf:about="#E-172">
    <cim:Terminal.connected>true</cim:Terminal.connected>
    <cim:Terminal.TopologicalNode rdf:resource="#N8"/>
  </cim:Terminal>
  <cim:Terminal rdf:about="#E-173">
    <cim:Terminal.connected>true</cim:Terminal.connected>
    <cim:Terminal.TopologicalNode rdf:resource="#N9"/>
  </cim:Terminal>
  <cim:Terminal rdf:about="#E-177">
    <cim:Terminal.connected>true</cim:Terminal.connected>
    <cim:Terminal.TopologicalNode rdf:resource="#N8"/>
  </cim:Terminal>
  <cim:Terminal rdf:about="#E-178">
    <cim:Terminal.connected>true</cim:Terminal.connected>
    <cim:Terminal.TopologicalNode rdf:resource="#N7"/>
  </cim:Terminal>
  <cim:Terminal rdf:about="#E-182">
    <cim:Terminal.connected>true</cim:Terminal.connected>
    <cim:Terminal.TopologicalNode rdf:resource="#N5"/>
  </cim:Terminal>
  <cim:Terminal rdf:about="#E-183">
    <cim:Terminal.connected>true</cim:Terminal.connected>
    <cim:Terminal.TopologicalNode rdf:resource="#N6"/>
  </cim:Terminal>
  <cim:Terminal rdf:about="#E-187">
    <cim:Terminal.connected>true</cim:Terminal.connected>
    <cim:Terminal.TopologicalNode rdf:resource="#N12"/>
  </cim:Terminal>
  <cim:Terminal rdf:about="#E-188">
    <cim:Terminal.connected>true</cim:Terminal.connected>
    <cim:Terminal.TopologicalNode rdf:resource="#N13"/>
  </cim:Terminal>
  <cim:Terminal rdf:about="#E-192">
    <cim:Terminal.connected>true</cim:Terminal.connected>
    <cim:Terminal.TopologicalNode rdf:resource="#N13"/>
  </cim:Terminal>
  <cim:Terminal rdf:about="#E-193">
    <cim:Terminal.connected>true</cim:Terminal.connected>
    <cim:Terminal.TopologicalNode rdf:resource="#N14"/>
  </cim:Terminal>
  <cim:Terminal rdf:about="#E-214">
    <cim:Terminal.connected>true</cim:Terminal.connected>
    <cim:Terminal.TopologicalNode rdf:resource="#N1"/>
  </cim:Terminal>
  <cim:Terminal rdf:about="#E-215">
    <cim:Terminal.connected>true</cim:Terminal.connected>
    <cim:Terminal.TopologicalNode rdf:resource="#N2"/>
  </cim:Terminal>
  <cim:Terminal rdf:about="#E-219">
    <cim:Terminal.connected>true</cim:Terminal.connected>
    <cim:Terminal.TopologicalNode rdf:resource="#N2"/>
  </cim:Terminal>
  <cim:Terminal rdf:about="#E-220">
    <cim:Terminal.connected>true</cim:Terminal.connected>
    <cim:Terminal.TopologicalNode rdf:resource="#N3"/>
  </cim:Terminal>
  <cim:Terminal rdf:about="#E-1229744452">
    <cim:Terminal.connected>true</cim:Terminal.connected>
    <cim:Terminal.TopologicalNode rdf:resource="#N0"/>
  </cim:Terminal>
  <cim:Terminal rdf:about="#E-1229744455">
    <cim:Terminal.connected>true</cim:Terminal.connected>
    <cim:Terminal.TopologicalNode rdf:resource="#N1"/>
  </cim:Terminal>
  <cim:Terminal rdf:about="#E-1229744476">
    <cim:Terminal.connected>true</cim:Terminal.connected>
    <cim:Terminal.TopologicalNode rdf:resource="#N0"/>
  </cim:Terminal>
  <cim:Terminal rdf:about="#E-1229744473">
    <cim:Terminal.connected>true</cim:Terminal.connected>
    <cim:Terminal.TopologicalNode rdf:resource="#N12"/>
  </cim:Terminal>
  <cim:Terminal rdf:about="#E-337">
    <cim:Terminal.connected>true</cim:Terminal.connected>
    <cim:Terminal.TopologicalNode rdf:resource="#N7"/>
  </cim:Terminal>
  <cim:Terminal rdf:about="#E-340">
    <cim:Terminal.connected>true</cim:Terminal.connected>
    <cim:Terminal.TopologicalNode rdf:resource="#N8"/>
  </cim:Terminal>
  <cim:Terminal rdf:about="#E-301">
    <cim:Terminal.connected>true</cim:Terminal.connected>
    <cim:Terminal.TopologicalNode rdf:resource="#N12"/>
  </cim:Terminal>
  <cim:Terminal rdf:about="#E-1229744389">
    <cim:Terminal.connected>true</cim:Terminal.connected>
    <cim:Terminal.TopologicalNode rdf:resource="#N3"/>
  </cim:Terminal>
  <cim:Terminal rdf:about="#E-1229744397">
    <cim:Terminal.connected>true</cim:Terminal.connected>
    <cim:Terminal.TopologicalNode rdf:resource="#N10"/>
  </cim:Terminal>
  <cim:Terminal rdf:about="#E-304">
    <cim:Terminal.connected>true</cim:Terminal.connected>
    <cim:Terminal.TopologicalNode rdf:resource="#N13"/>
  </cim:Terminal>
  <cim:Terminal rdf:about="#E-1229744413">
    <cim:Terminal.connected>true</cim:Terminal.connected>
    <cim:Terminal.TopologicalNode rdf:resource="#N14"/>
  </cim:Terminal>
  <cim:Terminal rdf:about="#E-1229744405">
    <cim:Terminal.connected>true</cim:Terminal.connected>
    <cim:Terminal.TopologicalNode rdf:resource="#N12"/>
  </cim:Terminal>
  <cim:Terminal rdf:about="#E-1229744416">
    <cim:Terminal.connected>true</cim:Terminal.connected>
    <cim:Terminal.TopologicalNode rdf:resource="#N14"/>
  </cim:Terminal>
  <cim:Terminal rdf:about="#E-310">
    <cim:Terminal.connected>true</cim:Terminal.connected>
    <cim:Terminal.TopologicalNode rdf:resource="#N1"/>
  </cim:Terminal>
  <cim:Terminal rdf:about="#E-1229744381">
    <cim:Terminal.connected>true</cim:Terminal.connected>
    <cim:Terminal.TopologicalNode rdf:resource="#N3"/>
  </cim:Terminal>
  <cim:Terminal rdf:about="#E-319">
    <cim:Terminal.connected>true</cim:Terminal.connected>
    <cim:Terminal.TopologicalNode rdf:resource="#N4"/>
  </cim:Terminal>
  <cim:Terminal rdf:about="#E-322">
    <cim:Terminal.connected>true</cim:Terminal.connected>
    <cim:Terminal.TopologicalNode rdf:resource="#N5"/>
  </cim:Terminal>
  <cim:Terminal rdf:about="#E-325">
    <cim:Terminal.connected>true</cim:Terminal.connected>
    <cim:Terminal.TopologicalNode rdf:resource="#N11"/>
  </cim:Terminal>
  <cim:Terminal rdf:about="#E-1229744368">
    <cim:Terminal.connected>true</cim:Terminal.connected>
    <cim:Terminal.TopologicalNode rdf:resource="#N1"/>
  </cim:Terminal>
  <cim:Terminal rdf:about="#E-328">
    <cim:Terminal.connected>true</cim:Terminal.connected>
    <cim:Terminal.TopologicalNode rdf:resource="#N10"/>
  </cim:Terminal>
  <cim:Terminal rdf:about="#E-331">
    <cim:Terminal.connected>true</cim:Terminal.connected>
    <cim:Terminal.TopologicalNode rdf:resource="#N9"/>
  </cim:Terminal>
  <cim:Terminal rdf:about="#E-334">
    <cim:Terminal.connected>true</cim:Terminal.connected>
    <cim:Terminal.TopologicalNode rdf:resource="#N6"/>
  </cim:Terminal>
  <cim:Terminal rdf:about="#E-298">
    <cim:Terminal.connected>true</cim:Terminal.connected>
    <cim:Terminal.TopologicalNode rdf:resource="#N0"/>
  </cim:Terminal>
</rdf:RDF>
