<?xml version="1.0" encoding="utf-8"?>
<rdf:RDF xmlns:rdf="http://www.w3.org/1999/02/22-rdf-syntax-ns#" xmlns:cim="http://iec.ch/TC57/2012/CIM-schema-cim16#" xmlns:md="http://iec.ch/TC57/61970-552/ModelDescription/1#" xmlns:entsoe="http://entsoe.eu/Secretariat/ProfileExtension/2#" xmlns:neplan="http://www.neplan.ch#">
  <md:FullModel rdf:about="urn:uuid:7183508b-1775-43f5-8359-3c06c7b75c31">
    <md:Model.created>2018-11-06T16:34:52</md:Model.created>
    <neplan:Model.createdBy>NEPLAN by Busarello + Cott + Partner AG, Switzerland</neplan:Model.createdBy>
    <md:Model.scenarioTime>2018-11-06T16:34:50</md:Model.scenarioTime>
    <md:Model.version>7</md:Model.version>
    <md:Model.DependentOn rdf:resource="urn:uuid:25276efc-54c7-450a-87d6-6f58ae3470a9"/>
    <md:Model.DependentOn rdf:resource="urn:uuid:f2ff6631-14b2-42d2-8fdb-a2edc910aefe"/>
    <md:Model.description>NEPLAN</md:Model.description>
    <md:Model.modelingAuthoritySet>FULL</md:Model.modelingAuthoritySet>
    <md:Model.profile>http://iec.ch/TC57/61970-456/StateVariables/3</md:Model.profile>
  </md:FullModel>
  <cim:SvVoltage rdf:ID="N0_5B20">
    <cim:SvVoltage.v>110.000000</cim:SvVoltage.v>
    <cim:SvVoltage.angle>-0e+000</cim:SvVoltage.angle>
    <cim:SvVoltage.TopologicalNode rdf:resource="#N0"/>
  </cim:SvVoltage>
  <cim:SvVoltage rdf:ID="N1_5B20">
    <cim:SvVoltage.v>19.211701</cim:SvVoltage.v>
    <cim:SvVoltage.angle>-6.990050</cim:SvVoltage.angle>
    <cim:SvVoltage.TopologicalNode rdf:resource="#N1"/>
  </cim:SvVoltage>
  <cim:SvVoltage rdf:ID="N12_5B20">
    <cim:SvVoltage.v>19.387472</cim:SvVoltage.v>
    <cim:SvVoltage.angle>-5.839220</cim:SvVoltage.angle>
    <cim:SvVoltage.TopologicalNode rdf:resource="#N12"/>
  </cim:SvVoltage>
  <cim:SvVoltage rdf:ID="N3_5B20">
    <cim:SvVoltage.v>17.935559</cim:SvVoltage.v>
    <cim:SvVoltage.angle>-9.949420</cim:SvVoltage.angle>
    <cim:SvVoltage.TopologicalNode rdf:resource="#N3"/>
  </cim:SvVoltage>
  <cim:SvVoltage rdf:ID="N5_5B20">
    <cim:SvVoltage.v>17.870069</cim:SvVoltage.v>
    <cim:SvVoltage.angle>-10.138100</cim:SvVoltage.angle>
    <cim:SvVoltage.TopologicalNode rdf:resource="#N5"/>
  </cim:SvVoltage>
  <cim:SvVoltage rdf:ID="N4_5B20">
    <cim:SvVoltage.v>17.896702</cim:SvVoltage.v>
    <cim:SvVoltage.angle>-10.061100</cim:SvVoltage.angle>
    <cim:SvVoltage.TopologicalNode rdf:resource="#N4"/>
  </cim:SvVoltage>
  <cim:SvVoltage rdf:ID="N10_5B20">
    <cim:SvVoltage.v>17.772707</cim:SvVoltage.v>
    <cim:SvVoltage.angle>-10.329300</cim:SvVoltage.angle>
    <cim:SvVoltage.TopologicalNode rdf:resource="#N10"/>
  </cim:SvVoltage>
  <cim:SvVoltage rdf:ID="N9_5B20">
    <cim:SvVoltage.v>17.798910</cim:SvVoltage.v>
    <cim:SvVoltage.angle>-10.258400</cim:SvVoltage.angle>
    <cim:SvVoltage.TopologicalNode rdf:resource="#N9"/>
  </cim:SvVoltage>
  <cim:SvVoltage rdf:ID="N8_5B20">
    <cim:SvVoltage.v>17.819449</cim:SvVoltage.v>
    <cim:SvVoltage.angle>-10.215400</cim:SvVoltage.angle>
    <cim:SvVoltage.TopologicalNode rdf:resource="#N8"/>
  </cim:SvVoltage>
  <cim:SvVoltage rdf:ID="N7_5B20">
    <cim:SvVoltage.v>17.813518</cim:SvVoltage.v>
    <cim:SvVoltage.angle>-10.226600</cim:SvVoltage.angle>
    <cim:SvVoltage.TopologicalNode rdf:resource="#N7"/>
  </cim:SvVoltage>
  <cim:SvVoltage rdf:ID="N6_5B20">
    <cim:SvVoltage.v>17.838572</cim:SvVoltage.v>
    <cim:SvVoltage.angle>-10.229200</cim:SvVoltage.angle>
    <cim:SvVoltage.TopologicalNode rdf:resource="#N6"/>
  </cim:SvVoltage>
  <cim:SvVoltage rdf:ID="N14_5B20">
    <cim:SvVoltage.v>19.230283</cim:SvVoltage.v>
    <cim:SvVoltage.angle>-5.923560</cim:SvVoltage.angle>
    <cim:SvVoltage.TopologicalNode rdf:resource="#N14"/>
  </cim:SvVoltage>
  <cim:SvVoltage rdf:ID="N13_5B20">
    <cim:SvVoltage.v>19.287676</cim:SvVoltage.v>
    <cim:SvVoltage.angle>-5.892560</cim:SvVoltage.angle>
    <cim:SvVoltage.TopologicalNode rdf:resource="#N13"/>
  </cim:SvVoltage>
  <cim:SvVoltage rdf:ID="N11_5B20">
    <cim:SvVoltage.v>17.768572</cim:SvVoltage.v>
    <cim:SvVoltage.angle>-10.341100</cim:SvVoltage.angle>
    <cim:SvVoltage.TopologicalNode rdf:resource="#N11"/>
  </cim:SvVoltage>
  <cim:SvVoltage rdf:ID="N2_5B20">
    <cim:SvVoltage.v>18.712766</cim:SvVoltage.v>
    <cim:SvVoltage.angle>-8.103170</cim:SvVoltage.angle>
    <cim:SvVoltage.TopologicalNode rdf:resource="#N2"/>
  </cim:SvVoltage>
  <cim:SvPowerFlow rdf:ID="LOAD-I-7-sv">
    <cim:SvPowerFlow.p>0.076500</cim:SvPowerFlow.p>
    <cim:SvPowerFlow.q>0.047410</cim:SvPowerFlow.q>
    <cim:SvPowerFlow.Terminal rdf:resource="#E-337"/>
  </cim:SvPowerFlow>
  <cim:SvPowerFlow rdf:ID="LOAD-H-8-sv">
    <cim:SvPowerFlow.p>0.586850</cim:SvPowerFlow.p>
    <cim:SvPowerFlow.q>0.147078</cim:SvPowerFlow.q>
    <cim:SvPowerFlow.Terminal rdf:resource="#E-340"/>
  </cim:SvPowerFlow>
  <cim:SvPowerFlow rdf:ID="LOAD-H-12-sv">
    <cim:SvPowerFlow.p>14.994000</cim:SvPowerFlow.p>
    <cim:SvPowerFlow.q>3.044662</cim:SvPowerFlow.q>
    <cim:SvPowerFlow.Terminal rdf:resource="#E-301"/>
  </cim:SvPowerFlow>
  <cim:SvPowerFlow rdf:ID="LOAD-I-3-sv">
    <cim:SvPowerFlow.p>0.225250</cim:SvPowerFlow.p>
    <cim:SvPowerFlow.q>0.139597</cim:SvPowerFlow.q>
    <cim:SvPowerFlow.Terminal rdf:resource="#E-1229744389"/>
  </cim:SvPowerFlow>
  <cim:SvPowerFlow rdf:ID="LOAD-H-10-sv">
    <cim:SvPowerFlow.p>0.475300</cim:SvPowerFlow.p>
    <cim:SvPowerFlow.q>0.119121</cim:SvPowerFlow.q>
    <cim:SvPowerFlow.Terminal rdf:resource="#E-1229744397"/>
  </cim:SvPowerFlow>
  <cim:SvPowerFlow rdf:ID="LOAD-I-13-sv">
    <cim:SvPowerFlow.p>0.034000</cim:SvPowerFlow.p>
    <cim:SvPowerFlow.q>0.021071</cim:SvPowerFlow.q>
    <cim:SvPowerFlow.Terminal rdf:resource="#E-304"/>
  </cim:SvPowerFlow>
  <cim:SvPowerFlow rdf:ID="LOAD-H-14-sv">
    <cim:SvPowerFlow.p>0.208550</cim:SvPowerFlow.p>
    <cim:SvPowerFlow.q>0.052268</cim:SvPowerFlow.q>
    <cim:SvPowerFlow.Terminal rdf:resource="#E-1229744413"/>
  </cim:SvPowerFlow>
  <cim:SvPowerFlow rdf:ID="LOAD-I-12-sv">
    <cim:SvPowerFlow.p>5.016000</cim:SvPowerFlow.p>
    <cim:SvPowerFlow.q>1.648679</cim:SvPowerFlow.q>
    <cim:SvPowerFlow.Terminal rdf:resource="#E-1229744405"/>
  </cim:SvPowerFlow>
  <cim:SvPowerFlow rdf:ID="LOAD-I-14-sv">
    <cim:SvPowerFlow.p>0.331500</cim:SvPowerFlow.p>
    <cim:SvPowerFlow.q>0.205445</cim:SvPowerFlow.q>
    <cim:SvPowerFlow.Terminal rdf:resource="#E-1229744416"/>
  </cim:SvPowerFlow>
  <cim:SvPowerFlow rdf:ID="LOAD-H-1-sv">
    <cim:SvPowerFlow.p>14.994000</cim:SvPowerFlow.p>
    <cim:SvPowerFlow.q>3.044662</cim:SvPowerFlow.q>
    <cim:SvPowerFlow.Terminal rdf:resource="#E-310"/>
  </cim:SvPowerFlow>
  <cim:SvPowerFlow rdf:ID="LOAD-H-3-sv">
    <cim:SvPowerFlow.p>0.276450</cim:SvPowerFlow.p>
    <cim:SvPowerFlow.q>0.069285</cim:SvPowerFlow.q>
    <cim:SvPowerFlow.Terminal rdf:resource="#E-1229744381"/>
  </cim:SvPowerFlow>
  <cim:SvPowerFlow rdf:ID="LOAD-H-4-sv">
    <cim:SvPowerFlow.p>0.431650</cim:SvPowerFlow.p>
    <cim:SvPowerFlow.q>0.108182</cim:SvPowerFlow.q>
    <cim:SvPowerFlow.Terminal rdf:resource="#E-319"/>
  </cim:SvPowerFlow>
  <cim:SvPowerFlow rdf:ID="LOAD-H-5-sv">
    <cim:SvPowerFlow.p>0.727500</cim:SvPowerFlow.p>
    <cim:SvPowerFlow.q>0.182329</cim:SvPowerFlow.q>
    <cim:SvPowerFlow.Terminal rdf:resource="#E-322"/>
  </cim:SvPowerFlow>
  <cim:SvPowerFlow rdf:ID="LOAD-H-11-sv">
    <cim:SvPowerFlow.p>0.329800</cim:SvPowerFlow.p>
    <cim:SvPowerFlow.q>0.082656</cim:SvPowerFlow.q>
    <cim:SvPowerFlow.Terminal rdf:resource="#E-325"/>
  </cim:SvPowerFlow>
  <cim:SvPowerFlow rdf:ID="LOAD-I-1-sv">
    <cim:SvPowerFlow.p>4.845000</cim:SvPowerFlow.p>
    <cim:SvPowerFlow.q>1.592474</cim:SvPowerFlow.q>
    <cim:SvPowerFlow.Terminal rdf:resource="#E-1229744368"/>
  </cim:SvPowerFlow>
  <cim:SvPowerFlow rdf:ID="LOAD-I-10-sv">
    <cim:SvPowerFlow.p>0.068000</cim:SvPowerFlow.p>
    <cim:SvPowerFlow.q>0.042143</cim:SvPowerFlow.q>
    <cim:SvPowerFlow.Terminal rdf:resource="#E-328"/>
  </cim:SvPowerFlow>
  <cim:SvPowerFlow rdf:ID="LOAD-I-9-sv">
    <cim:SvPowerFlow.p>0.573750</cim:SvPowerFlow.p>
    <cim:SvPowerFlow.q>0.355578</cim:SvPowerFlow.q>
    <cim:SvPowerFlow.Terminal rdf:resource="#E-331"/>
  </cim:SvPowerFlow>
  <cim:SvPowerFlow rdf:ID="LOAD-H-6-sv">
    <cim:SvPowerFlow.p>0.548050</cim:SvPowerFlow.p>
    <cim:SvPowerFlow.q>0.137354</cim:SvPowerFlow.q>
    <cim:SvPowerFlow.Terminal rdf:resource="#E-334"/>
  </cim:SvPowerFlow>
</rdf:RDF>
